prob,parents_age,child_age,gender
0,1,0,female
0,2,0,female
0,3,0,female
0,4,0,female
0,5,0,female
0,6,0,female
0,7,0,female
0,8,0,female
0,9,0,female
0,10,0,female
0,11,0,female
0,12,0,female
0,13,0,female
0,14,0,female
0.00816999034879997,15,0,female
0.00816999034879997,16,0,female
0.00816999034879997,17,0,female
0.00816999034879997,18,0,female
0.00816999034879997,19,0,female
0.0363062192462172,20,0,female
0.0363062192462172,21,0,female
0.0363062192462172,22,0,female
0.0363062192462172,23,0,female
0.0363062192462172,24,0,female
0.0820318444307118,25,0,female
0.0820318444307118,26,0,female
0.0820318444307118,27,0,female
0.0820318444307118,28,0,female
0.0820318444307118,29,0,female
0.10930029846586,30,0,female
0.10930029846586,31,0,female
0.10930029846586,32,0,female
0.10930029846586,33,0,female
0.10930029846586,34,0,female
0.0666323274281993,35,0,female
0.0666323274281993,36,0,female
0.0666323274281993,37,0,female
0.0666323274281993,38,0,female
0.0666323274281993,39,0,female
0.0132683486416655,40,0,female
0.0132683486416655,41,0,female
0.0132683486416655,42,0,female
0.0132683486416655,43,0,female
0.0132683486416655,44,0,female
5.21502664489897e-4,45,0,female
5.21502664489897e-4,46,0,female
5.21502664489897e-4,47,0,female
5.21502664489897e-4,48,0,female
5.21502664489897e-4,49,0,female
0,50,0,female
0,51,0,female
0,52,0,female
0,53,0,female
0,54,0,female
0,55,0,female
0,56,0,female
0,57,0,female
0,58,0,female
0,59,0,female
0,60,0,female
0,61,0,female
0,62,0,female
0,63,0,female
0,64,0,female
0,65,0,female
0,66,0,female
0,67,0,female
0,68,0,female
0,69,0,female
0,70,0,female
0,71,0,female
0,72,0,female
0,73,0,female
0,74,0,female
0,75,0,female
0,76,0,female
0,77,0,female
0,78,0,female
0,79,0,female
0,80,0,female
0,81,0,female
0,82,0,female
0,83,0,female
0,84,0,female
0,85,0,female
0,86,0,female
0,87,0,female
0,88,0,female
0,89,0,female
0,90,0,female
0,91,0,female
0,92,0,female
0,93,0,female
0,94,0,female
0,95,0,female
0,96,0,female
0,97,0,female
0,98,0,female
0,99,0,female
0,100,0,female
0,1,1,female
0,2,1,female
0,3,1,female
0,4,1,female
0,5,1,female
0,6,1,female
0,7,1,female
0,8,1,female
0,9,1,female
0,10,1,female
0,11,1,female
0,12,1,female
0,13,1,female
0,14,1,female
0,15,1,female
0.00816945829940753,16,1,female
0.00816945829940753,17,1,female
0.00816945829940753,18,1,female
0.00816945829940753,19,1,female
0.00816945829940753,20,1,female
0.0363038548980274,21,1,female
0.0363038548980274,22,1,female
0.0363038548980274,23,1,female
0.0363038548980274,24,1,female
0.0363038548980274,25,1,female
0.082026502319996,26,1,female
0.082026502319996,27,1,female
0.082026502319996,28,1,female
0.082026502319996,29,1,female
0.082026502319996,30,1,female
0.10929318056793,31,1,female
0.10929318056793,32,1,female
0.10929318056793,33,1,female
0.10929318056793,34,1,female
0.10929318056793,35,1,female
0.066627988171014,36,1,female
0.066627988171014,37,1,female
0.066627988171014,38,1,female
0.066627988171014,39,1,female
0.066627988171014,40,1,female
0.0132674845749369,41,1,female
0.0132674845749369,42,1,female
0.0132674845749369,43,1,female
0.0132674845749369,44,1,female
0.0132674845749369,45,1,female
5.21468702983952e-4,46,1,female
5.21468702983952e-4,47,1,female
5.21468702983952e-4,48,1,female
5.21468702983952e-4,49,1,female
5.21468702983952e-4,50,1,female
0,51,1,female
0,52,1,female
0,53,1,female
0,54,1,female
0,55,1,female
0,56,1,female
0,57,1,female
0,58,1,female
0,59,1,female
0,60,1,female
0,61,1,female
0,62,1,female
0,63,1,female
0,64,1,female
0,65,1,female
0,66,1,female
0,67,1,female
0,68,1,female
0,69,1,female
0,70,1,female
0,71,1,female
0,72,1,female
0,73,1,female
0,74,1,female
0,75,1,female
0,76,1,female
0,77,1,female
0,78,1,female
0,79,1,female
0,80,1,female
0,81,1,female
0,82,1,female
0,83,1,female
0,84,1,female
0,85,1,female
0,86,1,female
0,87,1,female
0,88,1,female
0,89,1,female
0,90,1,female
0,91,1,female
0,92,1,female
0,93,1,female
0,94,1,female
0,95,1,female
0,96,1,female
0,97,1,female
0,98,1,female
0,99,1,female
0,100,1,female
0,1,2,female
0,2,2,female
0,3,2,female
0,4,2,female
0,5,2,female
0,6,2,female
0,7,2,female
0,8,2,female
0,9,2,female
0,10,2,female
0,11,2,female
0,12,2,female
0,13,2,female
0,14,2,female
0,15,2,female
0,16,2,female
0.00801516541097823,17,2,female
0.00801516541097823,18,2,female
0.00801516541097823,19,2,female
0.00801516541097823,20,2,female
0.00801516541097823,21,2,female
0.0362421382454517,22,2,female
0.0362421382454517,23,2,female
0.0362421382454517,24,2,female
0.0362421382454517,25,2,female
0.0362421382454517,26,2,female
0.0820905282210689,27,2,female
0.0820905282210689,28,2,female
0.0820905282210689,29,2,female
0.0820905282210689,30,2,female
0.0820905282210689,31,2,female
0.10920406488429,32,2,female
0.10920406488429,33,2,female
0.10920406488429,34,2,female
0.10920406488429,35,2,female
0.10920406488429,36,2,female
0.0663287502012016,37,2,female
0.0663287502012016,38,2,female
0.0663287502012016,39,2,female
0.0663287502012016,40,2,female
0.0663287502012016,41,2,female
0.0131664313974989,42,2,female
0.0131664313974989,43,2,female
0.0131664313974989,44,2,female
0.0131664313974989,45,2,female
0.0131664313974989,46,2,female
5.50286120990227e-4,47,2,female
5.50286120990227e-4,48,2,female
5.50286120990227e-4,49,2,female
5.50286120990227e-4,50,2,female
5.50286120990227e-4,51,2,female
0,52,2,female
0,53,2,female
0,54,2,female
0,55,2,female
0,56,2,female
0,57,2,female
0,58,2,female
0,59,2,female
0,60,2,female
0,61,2,female
0,62,2,female
0,63,2,female
0,64,2,female
0,65,2,female
0,66,2,female
0,67,2,female
0,68,2,female
0,69,2,female
0,70,2,female
0,71,2,female
0,72,2,female
0,73,2,female
0,74,2,female
0,75,2,female
0,76,2,female
0,77,2,female
0,78,2,female
0,79,2,female
0,80,2,female
0,81,2,female
0,82,2,female
0,83,2,female
0,84,2,female
0,85,2,female
0,86,2,female
0,87,2,female
0,88,2,female
0,89,2,female
0,90,2,female
0,91,2,female
0,92,2,female
0,93,2,female
0,94,2,female
0,95,2,female
0,96,2,female
0,97,2,female
0,98,2,female
0,99,2,female
0,100,2,female
0,1,3,female
0,2,3,female
0,3,3,female
0,4,3,female
0,5,3,female
0,6,3,female
0,7,3,female
0,8,3,female
0,9,3,female
0,10,3,female
0,11,3,female
0,12,3,female
0,13,3,female
0,14,3,female
0,15,3,female
0,16,3,female
0,17,3,female
0.00804711055975256,18,3,female
0.00804711055975256,19,3,female
0.00804711055975256,20,3,female
0.00804711055975256,21,3,female
0.00804711055975256,22,3,female
0.0361681692943975,23,3,female
0.0361681692943975,24,3,female
0.0361681692943975,25,3,female
0.0361681692943975,26,3,female
0.0361681692943975,27,3,female
0.0817841031492105,28,3,female
0.0817841031492105,29,3,female
0.0817841031492105,30,3,female
0.0817841031492105,31,3,female
0.0817841031492105,32,3,female
0.109753557829693,33,3,female
0.109753557829693,34,3,female
0.109753557829693,35,3,female
0.109753557829693,36,3,female
0.109753557829693,37,3,female
0.0665329380469149,38,3,female
0.0665329380469149,39,3,female
0.0665329380469149,40,3,female
0.0665329380469149,41,3,female
0.0665329380469149,42,3,female
0.0131167541596699,43,3,female
0.0131167541596699,44,3,female
0.0131167541596699,45,3,female
0.0131167541596699,46,3,female
0.0131167541596699,47,3,female
5.21594139106691e-4,48,3,female
5.21594139106691e-4,49,3,female
5.21594139106691e-4,50,3,female
5.21594139106691e-4,51,3,female
5.21594139106691e-4,52,3,female
0,53,3,female
0,54,3,female
0,55,3,female
0,56,3,female
0,57,3,female
0,58,3,female
0,59,3,female
0,60,3,female
0,61,3,female
0,62,3,female
0,63,3,female
0,64,3,female
0,65,3,female
0,66,3,female
0,67,3,female
0,68,3,female
0,69,3,female
0,70,3,female
0,71,3,female
0,72,3,female
0,73,3,female
0,74,3,female
0,75,3,female
0,76,3,female
0,77,3,female
0,78,3,female
0,79,3,female
0,80,3,female
0,81,3,female
0,82,3,female
0,83,3,female
0,84,3,female
0,85,3,female
0,86,3,female
0,87,3,female
0,88,3,female
0,89,3,female
0,90,3,female
0,91,3,female
0,92,3,female
0,93,3,female
0,94,3,female
0,95,3,female
0,96,3,female
0,97,3,female
0,98,3,female
0,99,3,female
0,100,3,female
0,1,4,female
0,2,4,female
0,3,4,female
0,4,4,female
0,5,4,female
0,6,4,female
0,7,4,female
0,8,4,female
0,9,4,female
0,10,4,female
0,11,4,female
0,12,4,female
0,13,4,female
0,14,4,female
0,15,4,female
0,16,4,female
0,17,4,female
0,18,4,female
0.00810434776793343,19,4,female
0.00810434776793343,20,4,female
0.00810434776793343,21,4,female
0.00810434776793343,22,4,female
0.00810434776793343,23,4,female
0.0361017954668343,24,4,female
0.0361017954668343,25,4,female
0.0361017954668343,26,4,female
0.0361017954668343,27,4,female
0.0361017954668343,28,4,female
0.0819674020267139,29,4,female
0.0819674020267139,30,4,female
0.0819674020267139,31,4,female
0.0819674020267139,32,4,female
0.0819674020267139,33,4,female
0.109427018313201,34,4,female
0.109427018313201,35,4,female
0.109427018313201,36,4,female
0.109427018313201,37,4,female
0.109427018313201,38,4,female
0.0668416302678082,39,4,female
0.0668416302678082,40,4,female
0.0668416302678082,41,4,female
0.0668416302678082,42,4,female
0.0668416302678082,43,4,female
0.0132585686567936,44,4,female
0.0132585686567936,45,4,female
0.0132585686567936,46,4,female
0.0132585686567936,47,4,female
0.0132585686567936,48,4,female
5.26452119391552e-4,49,4,female
5.26452119391552e-4,50,4,female
5.26452119391552e-4,51,4,female
5.26452119391552e-4,52,4,female
5.26452119391552e-4,53,4,female
0,54,4,female
0,55,4,female
0,56,4,female
0,57,4,female
0,58,4,female
0,59,4,female
0,60,4,female
0,61,4,female
0,62,4,female
0,63,4,female
0,64,4,female
0,65,4,female
0,66,4,female
0,67,4,female
0,68,4,female
0,69,4,female
0,70,4,female
0,71,4,female
0,72,4,female
0,73,4,female
0,74,4,female
0,75,4,female
0,76,4,female
0,77,4,female
0,78,4,female
0,79,4,female
0,80,4,female
0,81,4,female
0,82,4,female
0,83,4,female
0,84,4,female
0,85,4,female
0,86,4,female
0,87,4,female
0,88,4,female
0,89,4,female
0,90,4,female
0,91,4,female
0,92,4,female
0,93,4,female
0,94,4,female
0,95,4,female
0,96,4,female
0,97,4,female
0,98,4,female
0,99,4,female
0,100,4,female
0,1,5,female
0,2,5,female
0,3,5,female
0,4,5,female
0,5,5,female
0,6,5,female
0,7,5,female
0,8,5,female
0,9,5,female
0,10,5,female
0,11,5,female
0,12,5,female
0,13,5,female
0,14,5,female
0,15,5,female
0,16,5,female
0,17,5,female
0,18,5,female
0,19,5,female
0.00802587350160061,20,5,female
0.00802587350160061,21,5,female
0.00802587350160061,22,5,female
0.00802587350160061,23,5,female
0.00802587350160061,24,5,female
0.0363140107397444,25,5,female
0.0363140107397444,26,5,female
0.0363140107397444,27,5,female
0.0363140107397444,28,5,female
0.0363140107397444,29,5,female
0.0820746983997359,30,5,female
0.0820746983997359,31,5,female
0.0820746983997359,32,5,female
0.0820746983997359,33,5,female
0.0820746983997359,34,5,female
0.109790577291821,35,5,female
0.109790577291821,36,5,female
0.109790577291821,37,5,female
0.109790577291821,38,5,female
0.109790577291821,39,5,female
0.0666827373273669,40,5,female
0.0666827373273669,41,5,female
0.0666827373273669,42,5,female
0.0666827373273669,43,5,female
0.0666827373273669,44,5,female
0.0132571667398993,45,5,female
0.0132571667398993,46,5,female
0.0132571667398993,47,5,female
0.0132571667398993,48,5,female
0.0132571667398993,49,5,female
5.61705658957436e-4,50,5,female
5.61705658957436e-4,51,5,female
5.61705658957436e-4,52,5,female
5.61705658957436e-4,53,5,female
5.61705658957436e-4,54,5,female
0,55,5,female
0,56,5,female
0,57,5,female
0,58,5,female
0,59,5,female
0,60,5,female
0,61,5,female
0,62,5,female
0,63,5,female
0,64,5,female
0,65,5,female
0,66,5,female
0,67,5,female
0,68,5,female
0,69,5,female
0,70,5,female
0,71,5,female
0,72,5,female
0,73,5,female
0,74,5,female
0,75,5,female
0,76,5,female
0,77,5,female
0,78,5,female
0,79,5,female
0,80,5,female
0,81,5,female
0,82,5,female
0,83,5,female
0,84,5,female
0,85,5,female
0,86,5,female
0,87,5,female
0,88,5,female
0,89,5,female
0,90,5,female
0,91,5,female
0,92,5,female
0,93,5,female
0,94,5,female
0,95,5,female
0,96,5,female
0,97,5,female
0,98,5,female
0,99,5,female
0,100,5,female
0,1,6,female
0,2,6,female
0,3,6,female
0,4,6,female
0,5,6,female
0,6,6,female
0,7,6,female
0,8,6,female
0,9,6,female
0,10,6,female
0,11,6,female
0,12,6,female
0,13,6,female
0,14,6,female
0,15,6,female
0,16,6,female
0,17,6,female
0,18,6,female
0,19,6,female
0,20,6,female
0.00796455944999554,21,6,female
0.00796455944999554,22,6,female
0.00796455944999554,23,6,female
0.00796455944999554,24,6,female
0.00796455944999554,25,6,female
0.0366649093720068,26,6,female
0.0366649093720068,27,6,female
0.0366649093720068,28,6,female
0.0366649093720068,29,6,female
0.0366649093720068,30,6,female
0.0803286299744432,31,6,female
0.0803286299744432,32,6,female
0.0803286299744432,33,6,female
0.0803286299744432,34,6,female
0.0803286299744432,35,6,female
0.0977868707062629,36,6,female
0.0977868707062629,37,6,female
0.0977868707062629,38,6,female
0.0977868707062629,39,6,female
0.0977868707062629,40,6,female
0.0528134244548879,41,6,female
0.0528134244548879,42,6,female
0.0528134244548879,43,6,female
0.0528134244548879,44,6,female
0.0528134244548879,45,6,female
0.00950525881915115,46,6,female
0.00950525881915115,47,6,female
0.00950525881915115,48,6,female
0.00950525881915115,49,6,female
0.00950525881915115,50,6,female
3.98296461662414e-4,51,6,female
3.98296461662414e-4,52,6,female
3.98296461662414e-4,53,6,female
3.98296461662414e-4,54,6,female
3.98296461662414e-4,55,6,female
0,56,6,female
0,57,6,female
0,58,6,female
0,59,6,female
0,60,6,female
0,61,6,female
0,62,6,female
0,63,6,female
0,64,6,female
0,65,6,female
0,66,6,female
0,67,6,female
0,68,6,female
0,69,6,female
0,70,6,female
0,71,6,female
0,72,6,female
0,73,6,female
0,74,6,female
0,75,6,female
0,76,6,female
0,77,6,female
0,78,6,female
0,79,6,female
0,80,6,female
0,81,6,female
0,82,6,female
0,83,6,female
0,84,6,female
0,85,6,female
0,86,6,female
0,87,6,female
0,88,6,female
0,89,6,female
0,90,6,female
0,91,6,female
0,92,6,female
0,93,6,female
0,94,6,female
0,95,6,female
0,96,6,female
0,97,6,female
0,98,6,female
0,99,6,female
0,100,6,female
0,1,7,female
0,2,7,female
0,3,7,female
0,4,7,female
0,5,7,female
0,6,7,female
0,7,7,female
0,8,7,female
0,9,7,female
0,10,7,female
0,11,7,female
0,12,7,female
0,13,7,female
0,14,7,female
0,15,7,female
0,16,7,female
0,17,7,female
0,18,7,female
0,19,7,female
0,20,7,female
0,21,7,female
0.00791670069188481,22,7,female
0.00791670069188481,23,7,female
0.00791670069188481,24,7,female
0.00791670069188481,25,7,female
0.00791670069188481,26,7,female
0.0367386280818387,27,7,female
0.0367386280818387,28,7,female
0.0367386280818387,29,7,female
0.0367386280818387,30,7,female
0.0367386280818387,31,7,female
0.0808401808649023,32,7,female
0.0808401808649023,33,7,female
0.0808401808649023,34,7,female
0.0808401808649023,35,7,female
0.0808401808649023,36,7,female
0.0973905335274501,37,7,female
0.0973905335274501,38,7,female
0.0973905335274501,39,7,female
0.0973905335274501,40,7,female
0.0973905335274501,41,7,female
0.0527564236721115,42,7,female
0.0527564236721115,43,7,female
0.0527564236721115,44,7,female
0.0527564236721115,45,7,female
0.0527564236721115,46,7,female
0.00945014210271402,47,7,female
0.00945014210271402,48,7,female
0.00945014210271402,49,7,female
0.00945014210271402,50,7,female
0.00945014210271402,51,7,female
3.97736998902635e-4,52,7,female
3.97736998902635e-4,53,7,female
3.97736998902635e-4,54,7,female
3.97736998902635e-4,55,7,female
3.97736998902635e-4,56,7,female
0,57,7,female
0,58,7,female
0,59,7,female
0,60,7,female
0,61,7,female
0,62,7,female
0,63,7,female
0,64,7,female
0,65,7,female
0,66,7,female
0,67,7,female
0,68,7,female
0,69,7,female
0,70,7,female
0,71,7,female
0,72,7,female
0,73,7,female
0,74,7,female
0,75,7,female
0,76,7,female
0,77,7,female
0,78,7,female
0,79,7,female
0,80,7,female
0,81,7,female
0,82,7,female
0,83,7,female
0,84,7,female
0,85,7,female
0,86,7,female
0,87,7,female
0,88,7,female
0,89,7,female
0,90,7,female
0,91,7,female
0,92,7,female
0,93,7,female
0,94,7,female
0,95,7,female
0,96,7,female
0,97,7,female
0,98,7,female
0,99,7,female
0,100,7,female
0,1,8,female
0,2,8,female
0,3,8,female
0,4,8,female
0,5,8,female
0,6,8,female
0,7,8,female
0,8,8,female
0,9,8,female
0,10,8,female
0,11,8,female
0,12,8,female
0,13,8,female
0,14,8,female
0,15,8,female
0,16,8,female
0,17,8,female
0,18,8,female
0,19,8,female
0,20,8,female
0,21,8,female
0,22,8,female
0.00810781487904202,23,8,female
0.00810781487904202,24,8,female
0.00810781487904202,25,8,female
0.00810781487904202,26,8,female
0.00810781487904202,27,8,female
0.0366710359853809,28,8,female
0.0366710359853809,29,8,female
0.0366710359853809,30,8,female
0.0366710359853809,31,8,female
0.0366710359853809,32,8,female
0.0804799347411141,33,8,female
0.0804799347411141,34,8,female
0.0804799347411141,35,8,female
0.0804799347411141,36,8,female
0.0804799347411141,37,8,female
0.0978243184555155,38,8,female
0.0978243184555155,39,8,female
0.0978243184555155,40,8,female
0.0978243184555155,41,8,female
0.0978243184555155,42,8,female
0.0528573119479129,43,8,female
0.0528573119479129,44,8,female
0.0528573119479129,45,8,female
0.0528573119479129,46,8,female
0.0528573119479129,47,8,female
0.00941005438477677,48,8,female
0.00941005438477677,49,8,female
0.00941005438477677,50,8,female
0.00941005438477677,51,8,female
0.00941005438477677,52,8,female
4.12742021642326e-4,53,8,female
4.12742021642326e-4,54,8,female
4.12742021642326e-4,55,8,female
4.12742021642326e-4,56,8,female
4.12742021642326e-4,57,8,female
0,58,8,female
0,59,8,female
0,60,8,female
0,61,8,female
0,62,8,female
0,63,8,female
0,64,8,female
0,65,8,female
0,66,8,female
0,67,8,female
0,68,8,female
0,69,8,female
0,70,8,female
0,71,8,female
0,72,8,female
0,73,8,female
0,74,8,female
0,75,8,female
0,76,8,female
0,77,8,female
0,78,8,female
0,79,8,female
0,80,8,female
0,81,8,female
0,82,8,female
0,83,8,female
0,84,8,female
0,85,8,female
0,86,8,female
0,87,8,female
0,88,8,female
0,89,8,female
0,90,8,female
0,91,8,female
0,92,8,female
0,93,8,female
0,94,8,female
0,95,8,female
0,96,8,female
0,97,8,female
0,98,8,female
0,99,8,female
0,100,8,female
0,1,9,female
0,2,9,female
0,3,9,female
0,4,9,female
0,5,9,female
0,6,9,female
0,7,9,female
0,8,9,female
0,9,9,female
0,10,9,female
0,11,9,female
0,12,9,female
0,13,9,female
0,14,9,female
0,15,9,female
0,16,9,female
0,17,9,female
0,18,9,female
0,19,9,female
0,20,9,female
0,21,9,female
0,22,9,female
0,23,9,female
0.0081433984469241,24,9,female
0.0081433984469241,25,9,female
0.0081433984469241,26,9,female
0.0081433984469241,27,9,female
0.0081433984469241,28,9,female
0.0365614453776554,29,9,female
0.0365614453776554,30,9,female
0.0365614453776554,31,9,female
0.0365614453776554,32,9,female
0.0365614453776554,33,9,female
0.0803831545305406,34,9,female
0.0803831545305406,35,9,female
0.0803831545305406,36,9,female
0.0803831545305406,37,9,female
0.0803831545305406,38,9,female
0.0973114329630993,39,9,female
0.0973114329630993,40,9,female
0.0973114329630993,41,9,female
0.0973114329630993,42,9,female
0.0973114329630993,43,9,female
0.0526219097400199,44,9,female
0.0526219097400199,45,9,female
0.0526219097400199,46,9,female
0.0526219097400199,47,9,female
0.0526219097400199,48,9,female
0.0094109068799717,49,9,female
0.0094109068799717,50,9,female
0.0094109068799717,51,9,female
0.0094109068799717,52,9,female
0.0094109068799717,53,9,female
4.07834867928145e-4,54,9,female
4.07834867928145e-4,55,9,female
4.07834867928145e-4,56,9,female
4.07834867928145e-4,57,9,female
4.07834867928145e-4,58,9,female
0,59,9,female
0,60,9,female
0,61,9,female
0,62,9,female
0,63,9,female
0,64,9,female
0,65,9,female
0,66,9,female
0,67,9,female
0,68,9,female
0,69,9,female
0,70,9,female
0,71,9,female
0,72,9,female
0,73,9,female
0,74,9,female
0,75,9,female
0,76,9,female
0,77,9,female
0,78,9,female
0,79,9,female
0,80,9,female
0,81,9,female
0,82,9,female
0,83,9,female
0,84,9,female
0,85,9,female
0,86,9,female
0,87,9,female
0,88,9,female
0,89,9,female
0,90,9,female
0,91,9,female
0,92,9,female
0,93,9,female
0,94,9,female
0,95,9,female
0,96,9,female
0,97,9,female
0,98,9,female
0,99,9,female
0,100,9,female
0,1,10,female
0,2,10,female
0,3,10,female
0,4,10,female
0,5,10,female
0,6,10,female
0,7,10,female
0,8,10,female
0,9,10,female
0,10,10,female
0,11,10,female
0,12,10,female
0,13,10,female
0,14,10,female
0,15,10,female
0,16,10,female
0,17,10,female
0,18,10,female
0,19,10,female
0,20,10,female
0,21,10,female
0,22,10,female
0,23,10,female
0,24,10,female
0.00799939127594501,25,10,female
0.00799939127594501,26,10,female
0.00799939127594501,27,10,female
0.00799939127594501,28,10,female
0.00799939127594501,29,10,female
0.0365311262074453,30,10,female
0.0365311262074453,31,10,female
0.0365311262074453,32,10,female
0.0365311262074453,33,10,female
0.0365311262074453,34,10,female
0.0801019326606454,35,10,female
0.0801019326606454,36,10,female
0.0801019326606454,37,10,female
0.0801019326606454,38,10,female
0.0801019326606454,39,10,female
0.0973163087712803,40,10,female
0.0973163087712803,41,10,female
0.0973163087712803,42,10,female
0.0973163087712803,43,10,female
0.0973163087712803,44,10,female
0.0526461604218175,45,10,female
0.0526461604218175,46,10,female
0.0526461604218175,47,10,female
0.0526461604218175,48,10,female
0.0526461604218175,49,10,female
0.00949185247657625,50,10,female
0.00949185247657625,51,10,female
0.00949185247657625,52,10,female
0.00949185247657625,53,10,female
0.00949185247657625,54,10,female
3.97582810982549e-4,55,10,female
3.97582810982549e-4,56,10,female
3.97582810982549e-4,57,10,female
3.97582810982549e-4,58,10,female
3.97582810982549e-4,59,10,female
0,60,10,female
0,61,10,female
0,62,10,female
0,63,10,female
0,64,10,female
0,65,10,female
0,66,10,female
0,67,10,female
0,68,10,female
0,69,10,female
0,70,10,female
0,71,10,female
0,72,10,female
0,73,10,female
0,74,10,female
0,75,10,female
0,76,10,female
0,77,10,female
0,78,10,female
0,79,10,female
0,80,10,female
0,81,10,female
0,82,10,female
0,83,10,female
0,84,10,female
0,85,10,female
0,86,10,female
0,87,10,female
0,88,10,female
0,89,10,female
0,90,10,female
0,91,10,female
0,92,10,female
0,93,10,female
0,94,10,female
0,95,10,female
0,96,10,female
0,97,10,female
0,98,10,female
0,99,10,female
0,100,10,female
0,1,11,female
0,2,11,female
0,3,11,female
0,4,11,female
0,5,11,female
0,6,11,female
0,7,11,female
0,8,11,female
0,9,11,female
0,10,11,female
0,11,11,female
0,12,11,female
0,13,11,female
0,14,11,female
0,15,11,female
0,16,11,female
0,17,11,female
0,18,11,female
0,19,11,female
0,20,11,female
0,21,11,female
0,22,11,female
0,23,11,female
0,24,11,female
0,25,11,female
0.00974692115776869,26,11,female
0.00974692115776869,27,11,female
0.00974692115776869,28,11,female
0.00974692115776869,29,11,female
0.00974692115776869,30,11,female
0.0431475461804821,31,11,female
0.0431475461804821,32,11,female
0.0431475461804821,33,11,female
0.0431475461804821,34,11,female
0.0431475461804821,35,11,female
0.0826892593112243,36,11,female
0.0826892593112243,37,11,female
0.0826892593112243,38,11,female
0.0826892593112243,39,11,female
0.0826892593112243,40,11,female
0.0877259383233221,41,11,female
0.0877259383233221,42,11,female
0.0877259383233221,43,11,female
0.0877259383233221,44,11,female
0.0877259383233221,45,11,female
0.0414485116931532,46,11,female
0.0414485116931532,47,11,female
0.0414485116931532,48,11,female
0.0414485116931532,49,11,female
0.0414485116931532,50,11,female
0.00722272090310965,51,11,female
0.00722272090310965,52,11,female
0.00722272090310965,53,11,female
0.00722272090310965,54,11,female
0.00722272090310965,55,11,female
2.8730099397387e-4,56,11,female
2.8730099397387e-4,57,11,female
2.8730099397387e-4,58,11,female
2.8730099397387e-4,59,11,female
2.8730099397387e-4,60,11,female
0,61,11,female
0,62,11,female
0,63,11,female
0,64,11,female
0,65,11,female
0,66,11,female
0,67,11,female
0,68,11,female
0,69,11,female
0,70,11,female
0,71,11,female
0,72,11,female
0,73,11,female
0,74,11,female
0,75,11,female
0,76,11,female
0,77,11,female
0,78,11,female
0,79,11,female
0,80,11,female
0,81,11,female
0,82,11,female
0,83,11,female
0,84,11,female
0,85,11,female
0,86,11,female
0,87,11,female
0,88,11,female
0,89,11,female
0,90,11,female
0,91,11,female
0,92,11,female
0,93,11,female
0,94,11,female
0,95,11,female
0,96,11,female
0,97,11,female
0,98,11,female
0,99,11,female
0,100,11,female
0,1,12,female
0,2,12,female
0,3,12,female
0,4,12,female
0,5,12,female
0,6,12,female
0,7,12,female
0,8,12,female
0,9,12,female
0,10,12,female
0,11,12,female
0,12,12,female
0,13,12,female
0,14,12,female
0,15,12,female
0,16,12,female
0,17,12,female
0,18,12,female
0,19,12,female
0,20,12,female
0,21,12,female
0,22,12,female
0,23,12,female
0,24,12,female
0,25,12,female
0,26,12,female
0.00972405426519809,27,12,female
0.00972405426519809,28,12,female
0.00972405426519809,29,12,female
0.00972405426519809,30,12,female
0.00972405426519809,31,12,female
0.0432089234872126,32,12,female
0.0432089234872126,33,12,female
0.0432089234872126,34,12,female
0.0432089234872126,35,12,female
0.0432089234872126,36,12,female
0.0819287500103956,37,12,female
0.0819287500103956,38,12,female
0.0819287500103956,39,12,female
0.0819287500103956,40,12,female
0.0819287500103956,41,12,female
0.0876577283953761,42,12,female
0.0876577283953761,43,12,female
0.0876577283953761,44,12,female
0.0876577283953761,45,12,female
0.0876577283953761,46,12,female
0.0416601608006232,47,12,female
0.0416601608006232,48,12,female
0.0416601608006232,49,12,female
0.0416601608006232,50,12,female
0.0416601608006232,51,12,female
0.0072461887183053,52,12,female
0.0072461887183053,53,12,female
0.0072461887183053,54,12,female
0.0072461887183053,55,12,female
0.0072461887183053,56,12,female
2.98768153730117e-4,57,12,female
2.98768153730117e-4,58,12,female
2.98768153730117e-4,59,12,female
2.98768153730117e-4,60,12,female
2.98768153730117e-4,61,12,female
0,62,12,female
0,63,12,female
0,64,12,female
0,65,12,female
0,66,12,female
0,67,12,female
0,68,12,female
0,69,12,female
0,70,12,female
0,71,12,female
0,72,12,female
0,73,12,female
0,74,12,female
0,75,12,female
0,76,12,female
0,77,12,female
0,78,12,female
0,79,12,female
0,80,12,female
0,81,12,female
0,82,12,female
0,83,12,female
0,84,12,female
0,85,12,female
0,86,12,female
0,87,12,female
0,88,12,female
0,89,12,female
0,90,12,female
0,91,12,female
0,92,12,female
0,93,12,female
0,94,12,female
0,95,12,female
0,96,12,female
0,97,12,female
0,98,12,female
0,99,12,female
0,100,12,female
0,1,13,female
0,2,13,female
0,3,13,female
0,4,13,female
0,5,13,female
0,6,13,female
0,7,13,female
0,8,13,female
0,9,13,female
0,10,13,female
0,11,13,female
0,12,13,female
0,13,13,female
0,14,13,female
0,15,13,female
0,16,13,female
0,17,13,female
0,18,13,female
0,19,13,female
0,20,13,female
0,21,13,female
0,22,13,female
0,23,13,female
0,24,13,female
0,25,13,female
0,26,13,female
0,27,13,female
0.00969464902443104,28,13,female
0.00969464902443104,29,13,female
0.00969464902443104,30,13,female
0.00969464902443104,31,13,female
0.00969464902443104,32,13,female
0.0432558422245412,33,13,female
0.0432558422245412,34,13,female
0.0432558422245412,35,13,female
0.0432558422245412,36,13,female
0.0432558422245412,37,13,female
0.0825746347989154,38,13,female
0.0825746347989154,39,13,female
0.0825746347989154,40,13,female
0.0825746347989154,41,13,female
0.0825746347989154,42,13,female
0.0877792090938331,43,13,female
0.0877792090938331,44,13,female
0.0877792090938331,45,13,female
0.0877792090938331,46,13,female
0.0877792090938331,47,13,female
0.0418556015786897,48,13,female
0.0418556015786897,49,13,female
0.0418556015786897,50,13,female
0.0418556015786897,51,13,female
0.0418556015786897,52,13,female
0.00724061039214467,53,13,female
0.00724061039214467,54,13,female
0.00724061039214467,55,13,female
0.00724061039214467,56,13,female
0.00724061039214467,57,13,female
3.06072602555412e-4,58,13,female
3.06072602555412e-4,59,13,female
3.06072602555412e-4,60,13,female
3.06072602555412e-4,61,13,female
3.06072602555412e-4,62,13,female
0,63,13,female
0,64,13,female
0,65,13,female
0,66,13,female
0,67,13,female
0,68,13,female
0,69,13,female
0,70,13,female
0,71,13,female
0,72,13,female
0,73,13,female
0,74,13,female
0,75,13,female
0,76,13,female
0,77,13,female
0,78,13,female
0,79,13,female
0,80,13,female
0,81,13,female
0,82,13,female
0,83,13,female
0,84,13,female
0,85,13,female
0,86,13,female
0,87,13,female
0,88,13,female
0,89,13,female
0,90,13,female
0,91,13,female
0,92,13,female
0,93,13,female
0,94,13,female
0,95,13,female
0,96,13,female
0,97,13,female
0,98,13,female
0,99,13,female
0,100,13,female
0,1,14,female
0,2,14,female
0,3,14,female
0,4,14,female
0,5,14,female
0,6,14,female
0,7,14,female
0,8,14,female
0,9,14,female
0,10,14,female
0,11,14,female
0,12,14,female
0,13,14,female
0,14,14,female
0,15,14,female
0,16,14,female
0,17,14,female
0,18,14,female
0,19,14,female
0,20,14,female
0,21,14,female
0,22,14,female
0,23,14,female
0,24,14,female
0,25,14,female
0,26,14,female
0,27,14,female
0,28,14,female
0.00972379905177307,29,14,female
0.00972379905177307,30,14,female
0.00972379905177307,31,14,female
0.00972379905177307,32,14,female
0.00972379905177307,33,14,female
0.0432015981235589,34,14,female
0.0432015981235589,35,14,female
0.0432015981235589,36,14,female
0.0432015981235589,37,14,female
0.0432015981235589,38,14,female
0.0828214055551611,39,14,female
0.0828214055551611,40,14,female
0.0828214055551611,41,14,female
0.0828214055551611,42,14,female
0.0828214055551611,43,14,female
0.0873109655102716,44,14,female
0.0873109655102716,45,14,female
0.0873109655102716,46,14,female
0.0873109655102716,47,14,female
0.0873109655102716,48,14,female
0.0415328140495051,49,14,female
0.0415328140495051,50,14,female
0.0415328140495051,51,14,female
0.0415328140495051,52,14,female
0.0415328140495051,53,14,female
0.00724274758234151,54,14,female
0.00724274758234151,55,14,female
0.00724274758234151,56,14,female
0.00724274758234151,57,14,female
0.00724274758234151,58,14,female
2.75521575579232e-4,59,14,female
2.75521575579232e-4,60,14,female
2.75521575579232e-4,61,14,female
2.75521575579232e-4,62,14,female
2.75521575579232e-4,63,14,female
0,64,14,female
0,65,14,female
0,66,14,female
0,67,14,female
0,68,14,female
0,69,14,female
0,70,14,female
0,71,14,female
0,72,14,female
0,73,14,female
0,74,14,female
0,75,14,female
0,76,14,female
0,77,14,female
0,78,14,female
0,79,14,female
0,80,14,female
0,81,14,female
0,82,14,female
0,83,14,female
0,84,14,female
0,85,14,female
0,86,14,female
0,87,14,female
0,88,14,female
0,89,14,female
0,90,14,female
0,91,14,female
0,92,14,female
0,93,14,female
0,94,14,female
0,95,14,female
0,96,14,female
0,97,14,female
0,98,14,female
0,99,14,female
0,100,14,female
0,1,15,female
0,2,15,female
0,3,15,female
0,4,15,female
0,5,15,female
0,6,15,female
0,7,15,female
0,8,15,female
0,9,15,female
0,10,15,female
0,11,15,female
0,12,15,female
0,13,15,female
0,14,15,female
0,15,15,female
0,16,15,female
0,17,15,female
0,18,15,female
0,19,15,female
0,20,15,female
0,21,15,female
0,22,15,female
0,23,15,female
0,24,15,female
0,25,15,female
0,26,15,female
0,27,15,female
0,28,15,female
0,29,15,female
0.00975066532805143,30,15,female
0.00975066532805143,31,15,female
0.00975066532805143,32,15,female
0.00975066532805143,33,15,female
0.00975066532805143,34,15,female
0.043257297561802,35,15,female
0.043257297561802,36,15,female
0.043257297561802,37,15,female
0.043257297561802,38,15,female
0.043257297561802,39,15,female
0.0824815487983882,40,15,female
0.0824815487983882,41,15,female
0.0824815487983882,42,15,female
0.0824815487983882,43,15,female
0.0824815487983882,44,15,female
0.0879155682696742,45,15,female
0.0879155682696742,46,15,female
0.0879155682696742,47,15,female
0.0879155682696742,48,15,female
0.0879155682696742,49,15,female
0.0416883043059145,50,15,female
0.0416883043059145,51,15,female
0.0416883043059145,52,15,female
0.0416883043059145,53,15,female
0.0416883043059145,54,15,female
0.00725114042290909,55,15,female
0.00725114042290909,56,15,female
0.00725114042290909,57,15,female
0.00725114042290909,58,15,female
0.00725114042290909,59,15,female
2.73819754419363e-4,60,15,female
2.73819754419363e-4,61,15,female
2.73819754419363e-4,62,15,female
2.73819754419363e-4,63,15,female
2.73819754419363e-4,64,15,female
0,65,15,female
0,66,15,female
0,67,15,female
0,68,15,female
0,69,15,female
0,70,15,female
0,71,15,female
0,72,15,female
0,73,15,female
0,74,15,female
0,75,15,female
0,76,15,female
0,77,15,female
0,78,15,female
0,79,15,female
0,80,15,female
0,81,15,female
0,82,15,female
0,83,15,female
0,84,15,female
0,85,15,female
0,86,15,female
0,87,15,female
0,88,15,female
0,89,15,female
0,90,15,female
0,91,15,female
0,92,15,female
0,93,15,female
0,94,15,female
0,95,15,female
0,96,15,female
0,97,15,female
0,98,15,female
0,99,15,female
0,100,15,female
0,1,16,female
0,2,16,female
0,3,16,female
0,4,16,female
0,5,16,female
0,6,16,female
0,7,16,female
0,8,16,female
0,9,16,female
0,10,16,female
0,11,16,female
0,12,16,female
0,13,16,female
0,14,16,female
0,15,16,female
0,16,16,female
0,17,16,female
0,18,16,female
0,19,16,female
0,20,16,female
0,21,16,female
0,22,16,female
0,23,16,female
0,24,16,female
0,25,16,female
0,26,16,female
0,27,16,female
0,28,16,female
0,29,16,female
0,30,16,female
0.0123096736734865,31,16,female
0.0123096736734865,32,16,female
0.0123096736734865,33,16,female
0.0123096736734865,34,16,female
0.0123096736734865,35,16,female
0.0524000773657504,36,16,female
0.0524000773657504,37,16,female
0.0524000773657504,38,16,female
0.0524000773657504,39,16,female
0.0524000773657504,40,16,female
0.0879667379889824,41,16,female
0.0879667379889824,42,16,female
0.0879667379889824,43,16,female
0.0879667379889824,44,16,female
0.0879667379889824,45,16,female
0.079605627470376,46,16,female
0.079605627470376,47,16,female
0.079605627470376,48,16,female
0.079605627470376,49,16,female
0.079605627470376,50,16,female
0.0324032015651304,51,16,female
0.0324032015651304,52,16,female
0.0324032015651304,53,16,female
0.0324032015651304,54,16,female
0.0324032015651304,55,16,female
0.00523253336811845,56,16,female
0.00523253336811845,57,16,female
0.00523253336811845,58,16,female
0.00523253336811845,59,16,female
0.00523253336811845,60,16,female
1.94534667439827e-4,61,16,female
1.94534667439827e-4,62,16,female
1.94534667439827e-4,63,16,female
1.94534667439827e-4,64,16,female
1.94534667439827e-4,65,16,female
0,66,16,female
0,67,16,female
0,68,16,female
0,69,16,female
0,70,16,female
0,71,16,female
0,72,16,female
0,73,16,female
0,74,16,female
0,75,16,female
0,76,16,female
0,77,16,female
0,78,16,female
0,79,16,female
0,80,16,female
0,81,16,female
0,82,16,female
0,83,16,female
0,84,16,female
0,85,16,female
0,86,16,female
0,87,16,female
0,88,16,female
0,89,16,female
0,90,16,female
0,91,16,female
0,92,16,female
0,93,16,female
0,94,16,female
0,95,16,female
0,96,16,female
0,97,16,female
0,98,16,female
0,99,16,female
0,100,16,female
0,1,17,female
0,2,17,female
0,3,17,female
0,4,17,female
0,5,17,female
0,6,17,female
0,7,17,female
0,8,17,female
0,9,17,female
0,10,17,female
0,11,17,female
0,12,17,female
0,13,17,female
0,14,17,female
0,15,17,female
0,16,17,female
0,17,17,female
0,18,17,female
0,19,17,female
0,20,17,female
0,21,17,female
0,22,17,female
0,23,17,female
0,24,17,female
0,25,17,female
0,26,17,female
0,27,17,female
0,28,17,female
0,29,17,female
0,30,17,female
0,31,17,female
0.0122200339266732,32,17,female
0.0122200339266732,33,17,female
0.0122200339266732,34,17,female
0.0122200339266732,35,17,female
0.0122200339266732,36,17,female
0.0523494250659328,37,17,female
0.0523494250659328,38,17,female
0.0523494250659328,39,17,female
0.0523494250659328,40,17,female
0.0523494250659328,41,17,female
0.087872268574171,42,17,female
0.087872268574171,43,17,female
0.087872268574171,44,17,female
0.087872268574171,45,17,female
0.087872268574171,46,17,female
0.0796619696929667,47,17,female
0.0796619696929667,48,17,female
0.0796619696929667,49,17,female
0.0796619696929667,50,17,female
0.0796619696929667,51,17,female
0.0326004473836237,52,17,female
0.0326004473836237,53,17,female
0.0326004473836237,54,17,female
0.0326004473836237,55,17,female
0.0326004473836237,56,17,female
0.00518455274142422,57,17,female
0.00518455274142422,58,17,female
0.00518455274142422,59,17,female
0.00518455274142422,60,17,female
0.00518455274142422,61,17,female
1.88958400056937e-4,62,17,female
1.88958400056937e-4,63,17,female
1.88958400056937e-4,64,17,female
1.88958400056937e-4,65,17,female
1.88958400056937e-4,66,17,female
0,67,17,female
0,68,17,female
0,69,17,female
0,70,17,female
0,71,17,female
0,72,17,female
0,73,17,female
0,74,17,female
0,75,17,female
0,76,17,female
0,77,17,female
0,78,17,female
0,79,17,female
0,80,17,female
0,81,17,female
0,82,17,female
0,83,17,female
0,84,17,female
0,85,17,female
0,86,17,female
0,87,17,female
0,88,17,female
0,89,17,female
0,90,17,female
0,91,17,female
0,92,17,female
0,93,17,female
0,94,17,female
0,95,17,female
0,96,17,female
0,97,17,female
0,98,17,female
0,99,17,female
0,100,17,female
0,1,0,male
0,2,0,male
0,3,0,male
0,4,0,male
0,5,0,male
0,6,0,male
0,7,0,male
0,8,0,male
0,9,0,male
0,10,0,male
0,11,0,male
0,12,0,male
0,13,0,male
0,14,0,male
0.00102288391460892,15,0,male
0.00102288391460892,16,0,male
0.00102288391460892,17,0,male
0.00102288391460892,18,0,male
0.00102288391460892,19,0,male
0.0138551581169093,20,0,male
0.0138551581169093,21,0,male
0.0138551581169093,22,0,male
0.0138551581169093,23,0,male
0.0138551581169093,24,0,male
0.0501629748975225,25,0,male
0.0501629748975225,26,0,male
0.0501629748975225,27,0,male
0.0501629748975225,28,0,male
0.0501629748975225,29,0,male
0.0854905855014734,30,0,male
0.0854905855014734,31,0,male
0.0854905855014734,32,0,male
0.0854905855014734,33,0,male
0.0854905855014734,34,0,male
0.0714483898811154,35,0,male
0.0714483898811154,36,0,male
0.0714483898811154,37,0,male
0.0714483898811154,38,0,male
0.0714483898811154,39,0,male
0.031601334609905,40,0,male
0.031601334609905,41,0,male
0.031601334609905,42,0,male
0.031601334609905,43,0,male
0.031601334609905,44,0,male
0.00893277419620599,45,0,male
0.00893277419620599,46,0,male
0.00893277419620599,47,0,male
0.00893277419620599,48,0,male
0.00893277419620599,49,0,male
0.00245814220183486,50,0,male
0.00245814220183486,51,0,male
0.00245814220183486,52,0,male
0.00245814220183486,53,0,male
0.00245814220183486,54,0,male
7.62189054726368e-4,55,0,male
7.62189054726368e-4,56,0,male
7.62189054726368e-4,57,0,male
7.62189054726368e-4,58,0,male
7.62189054726368e-4,59,0,male
2.42025518341308e-4,60,0,male
2.42025518341308e-4,61,0,male
2.42025518341308e-4,62,0,male
2.42025518341308e-4,63,0,male
2.42025518341308e-4,64,0,male
4.37956204379562e-5,65,0,male
4.37956204379562e-5,66,0,male
4.37956204379562e-5,67,0,male
4.37956204379562e-5,68,0,male
4.37956204379562e-5,69,0,male
4.37956204379562e-5,70,0,male
4.37956204379562e-5,71,0,male
4.37956204379562e-5,72,0,male
4.37956204379562e-5,73,0,male
4.37956204379562e-5,74,0,male
4.37956204379562e-5,75,0,male
4.37956204379562e-5,76,0,male
4.37956204379562e-5,77,0,male
4.37956204379562e-5,78,0,male
4.37956204379562e-5,79,0,male
4.37956204379562e-5,80,0,male
4.37956204379562e-5,81,0,male
4.37956204379562e-5,82,0,male
4.37956204379562e-5,83,0,male
4.37956204379562e-5,84,0,male
4.37956204379562e-5,85,0,male
4.37956204379562e-5,86,0,male
4.37956204379562e-5,87,0,male
4.37956204379562e-5,88,0,male
4.37956204379562e-5,89,0,male
4.37956204379562e-5,90,0,male
4.37956204379562e-5,91,0,male
4.37956204379562e-5,92,0,male
4.37956204379562e-5,93,0,male
4.37956204379562e-5,94,0,male
4.37956204379562e-5,95,0,male
4.37956204379562e-5,96,0,male
4.37956204379562e-5,97,0,male
4.37956204379562e-5,98,0,male
4.37956204379562e-5,99,0,male
4.37956204379562e-5,100,0,male
0,1,1,male
0,2,1,male
0,3,1,male
0,4,1,male
0,5,1,male
0,6,1,male
0,7,1,male
0,8,1,male
0,9,1,male
0,10,1,male
0,11,1,male
0,12,1,male
0,13,1,male
0,14,1,male
0,15,1,male
0.00102281730195185,16,1,male
0.00102281730195185,17,1,male
0.00102281730195185,18,1,male
0.00102281730195185,19,1,male
0.00102281730195185,20,1,male
0.0138542558357384,21,1,male
0.0138542558357384,22,1,male
0.0138542558357384,23,1,male
0.0138542558357384,24,1,male
0.0138542558357384,25,1,male
0.0501597081641265,26,1,male
0.0501597081641265,27,1,male
0.0501597081641265,28,1,male
0.0501597081641265,29,1,male
0.0501597081641265,30,1,male
0.0854850181492326,31,1,male
0.0854850181492326,32,1,male
0.0854850181492326,33,1,male
0.0854850181492326,34,1,male
0.0854850181492326,35,1,male
0.0714437369903769,36,1,male
0.0714437369903769,37,1,male
0.0714437369903769,38,1,male
0.0714437369903769,39,1,male
0.0714437369903769,40,1,male
0.0315992766551019,41,1,male
0.0315992766551019,42,1,male
0.0315992766551019,43,1,male
0.0315992766551019,44,1,male
0.0315992766551019,45,1,male
0.00893219247249752,46,1,male
0.00893219247249752,47,1,male
0.00893219247249752,48,1,male
0.00893219247249752,49,1,male
0.00893219247249752,50,1,male
0.00245814220183486,51,1,male
0.00245814220183486,52,1,male
0.00245814220183486,53,1,male
0.00245814220183486,54,1,male
0.00245814220183486,55,1,male
7.62189054726368e-4,56,1,male
7.62189054726368e-4,57,1,male
7.62189054726368e-4,58,1,male
7.62189054726368e-4,59,1,male
7.62189054726368e-4,60,1,male
2.42025518341308e-4,61,1,male
2.42025518341308e-4,62,1,male
2.42025518341308e-4,63,1,male
2.42025518341308e-4,64,1,male
2.42025518341308e-4,65,1,male
4.37956204379562e-5,66,1,male
4.37956204379562e-5,67,1,male
4.37956204379562e-5,68,1,male
4.37956204379562e-5,69,1,male
4.37956204379562e-5,70,1,male
4.37956204379562e-5,71,1,male
4.37956204379562e-5,72,1,male
4.37956204379562e-5,73,1,male
4.37956204379562e-5,74,1,male
4.37956204379562e-5,75,1,male
4.37956204379562e-5,76,1,male
4.37956204379562e-5,77,1,male
4.37956204379562e-5,78,1,male
4.37956204379562e-5,79,1,male
4.37956204379562e-5,80,1,male
4.37956204379562e-5,81,1,male
4.37956204379562e-5,82,1,male
4.37956204379562e-5,83,1,male
4.37956204379562e-5,84,1,male
4.37956204379562e-5,85,1,male
4.37956204379562e-5,86,1,male
4.37956204379562e-5,87,1,male
4.37956204379562e-5,88,1,male
4.37956204379562e-5,89,1,male
4.37956204379562e-5,90,1,male
4.37956204379562e-5,91,1,male
4.37956204379562e-5,92,1,male
4.37956204379562e-5,93,1,male
4.37956204379562e-5,94,1,male
4.37956204379562e-5,95,1,male
4.37956204379562e-5,96,1,male
4.37956204379562e-5,97,1,male
4.37956204379562e-5,98,1,male
4.37956204379562e-5,99,1,male
4.37956204379562e-5,100,1,male
0,1,2,male
0,2,2,male
0,3,2,male
0,4,2,male
0,5,2,male
0,6,2,male
0,7,2,male
0,8,2,male
0,9,2,male
0,10,2,male
0,11,2,male
0,12,2,male
0,13,2,male
0,14,2,male
0,15,2,male
0,16,2,male
0.00102269852860577,17,2,male
0.00102269852860577,18,2,male
0.00102269852860577,19,2,male
0.00102269852860577,20,2,male
0.00102269852860577,21,2,male
0.0138526470280657,22,2,male
0.0138526470280657,23,2,male
0.0138526470280657,24,2,male
0.0138526470280657,25,2,male
0.0138526470280657,26,2,male
0.0501538834324115,27,2,male
0.0501538834324115,28,2,male
0.0501538834324115,29,2,male
0.0501538834324115,30,2,male
0.0501538834324115,31,2,male
0.0854750913112465,32,2,male
0.0854750913112465,33,2,male
0.0854750913112465,34,2,male
0.0854750913112465,35,2,male
0.0854750913112465,36,2,male
0.071435440678139,37,2,male
0.071435440678139,38,2,male
0.071435440678139,39,2,male
0.071435440678139,40,2,male
0.071435440678139,41,2,male
0.0315956072296678,42,2,male
0.0315956072296678,43,2,male
0.0315956072296678,44,2,male
0.0315956072296678,45,2,male
0.0315956072296678,46,2,male
0.00893115523311388,47,2,male
0.00893115523311388,48,2,male
0.00893115523311388,49,2,male
0.00893115523311388,50,2,male
0.00893115523311388,51,2,male
0.00245814220183486,52,2,male
0.00245814220183486,53,2,male
0.00245814220183486,54,2,male
0.00245814220183486,55,2,male
0.00245814220183486,56,2,male
7.62189054726368e-4,57,2,male
7.62189054726368e-4,58,2,male
7.62189054726368e-4,59,2,male
7.62189054726368e-4,60,2,male
7.62189054726368e-4,61,2,male
2.42025518341308e-4,62,2,male
2.42025518341308e-4,63,2,male
2.42025518341308e-4,64,2,male
2.42025518341308e-4,65,2,male
2.42025518341308e-4,66,2,male
4.37956204379562e-5,67,2,male
4.37956204379562e-5,68,2,male
4.37956204379562e-5,69,2,male
4.37956204379562e-5,70,2,male
4.37956204379562e-5,71,2,male
4.37956204379562e-5,72,2,male
4.37956204379562e-5,73,2,male
4.37956204379562e-5,74,2,male
4.37956204379562e-5,75,2,male
4.37956204379562e-5,76,2,male
4.37956204379562e-5,77,2,male
4.37956204379562e-5,78,2,male
4.37956204379562e-5,79,2,male
4.37956204379562e-5,80,2,male
4.37956204379562e-5,81,2,male
4.37956204379562e-5,82,2,male
4.37956204379562e-5,83,2,male
4.37956204379562e-5,84,2,male
4.37956204379562e-5,85,2,male
4.37956204379562e-5,86,2,male
4.37956204379562e-5,87,2,male
4.37956204379562e-5,88,2,male
4.37956204379562e-5,89,2,male
4.37956204379562e-5,90,2,male
4.37956204379562e-5,91,2,male
4.37956204379562e-5,92,2,male
4.37956204379562e-5,93,2,male
4.37956204379562e-5,94,2,male
4.37956204379562e-5,95,2,male
4.37956204379562e-5,96,2,male
4.37956204379562e-5,97,2,male
4.37956204379562e-5,98,2,male
4.37956204379562e-5,99,2,male
4.37956204379562e-5,100,2,male
0,1,3,male
0,2,3,male
0,3,3,male
0,4,3,male
0,5,3,male
0,6,3,male
0,7,3,male
0,8,3,male
0,9,3,male
0,10,3,male
0,11,3,male
0,12,3,male
0,13,3,male
0,14,3,male
0,15,3,male
0,16,3,male
0,17,3,male
0.00102255240980071,18,3,male
0.00102255240980071,19,3,male
0.00102255240980071,20,3,male
0.00102255240980071,21,3,male
0.00102255240980071,22,3,male
0.0138506678209251,23,3,male
0.0138506678209251,24,3,male
0.0138506678209251,25,3,male
0.0138506678209251,26,3,male
0.0138506678209251,27,3,male
0.0501467176593993,28,3,male
0.0501467176593993,29,3,male
0.0501467176593993,30,3,male
0.0501467176593993,31,3,male
0.0501467176593993,32,3,male
0.0854628789946597,33,3,male
0.0854628789946597,34,3,male
0.0854628789946597,35,3,male
0.0854628789946597,36,3,male
0.0854628789946597,37,3,male
0.0714252342869706,38,3,male
0.0714252342869706,39,3,male
0.0714252342869706,40,3,male
0.0714252342869706,41,3,male
0.0714252342869706,42,3,male
0.0315910929840283,43,3,male
0.0315910929840283,44,3,male
0.0315910929840283,45,3,male
0.0315910929840283,46,3,male
0.0315910929840283,47,3,male
0.00892987918773599,48,3,male
0.00892987918773599,49,3,male
0.00892987918773599,50,3,male
0.00892987918773599,51,3,male
0.00892987918773599,52,3,male
0.00245814220183486,53,3,male
0.00245814220183486,54,3,male
0.00245814220183486,55,3,male
0.00245814220183486,56,3,male
0.00245814220183486,57,3,male
7.62189054726368e-4,58,3,male
7.62189054726368e-4,59,3,male
7.62189054726368e-4,60,3,male
7.62189054726368e-4,61,3,male
7.62189054726368e-4,62,3,male
2.42025518341308e-4,63,3,male
2.42025518341308e-4,64,3,male
2.42025518341308e-4,65,3,male
2.42025518341308e-4,66,3,male
2.42025518341308e-4,67,3,male
4.37956204379562e-5,68,3,male
4.37956204379562e-5,69,3,male
4.37956204379562e-5,70,3,male
4.37956204379562e-5,71,3,male
4.37956204379562e-5,72,3,male
4.37956204379562e-5,73,3,male
4.37956204379562e-5,74,3,male
4.37956204379562e-5,75,3,male
4.37956204379562e-5,76,3,male
4.37956204379562e-5,77,3,male
4.37956204379562e-5,78,3,male
4.37956204379562e-5,79,3,male
4.37956204379562e-5,80,3,male
4.37956204379562e-5,81,3,male
4.37956204379562e-5,82,3,male
4.37956204379562e-5,83,3,male
4.37956204379562e-5,84,3,male
4.37956204379562e-5,85,3,male
4.37956204379562e-5,86,3,male
4.37956204379562e-5,87,3,male
4.37956204379562e-5,88,3,male
4.37956204379562e-5,89,3,male
4.37956204379562e-5,90,3,male
4.37956204379562e-5,91,3,male
4.37956204379562e-5,92,3,male
4.37956204379562e-5,93,3,male
4.37956204379562e-5,94,3,male
4.37956204379562e-5,95,3,male
4.37956204379562e-5,96,3,male
4.37956204379562e-5,97,3,male
4.37956204379562e-5,98,3,male
4.37956204379562e-5,99,3,male
4.37956204379562e-5,100,3,male
0,1,4,male
0,2,4,male
0,3,4,male
0,4,4,male
0,5,4,male
0,6,4,male
0,7,4,male
0,8,4,male
0,9,4,male
0,10,4,male
0,11,4,male
0,12,4,male
0,13,4,male
0,14,4,male
0,15,4,male
0,16,4,male
0,17,4,male
0,18,4,male
0.00102240585182364,19,4,male
0.00102240585182364,20,4,male
0.00102240585182364,21,4,male
0.00102240585182364,22,4,male
0.00102240585182364,23,4,male
0.0138486826651154,24,4,male
0.0138486826651154,25,4,male
0.0138486826651154,26,4,male
0.0138486826651154,27,4,male
0.0138486826651154,28,4,male
0.0501395303490701,29,4,male
0.0501395303490701,30,4,male
0.0501395303490701,31,4,male
0.0501395303490701,32,4,male
0.0501395303490701,33,4,male
0.0854506299729565,34,4,male
0.0854506299729565,35,4,male
0.0854506299729565,36,4,male
0.0854506299729565,37,4,male
0.0854506299729565,38,4,male
0.0714149972196587,39,4,male
0.0714149972196587,40,4,male
0.0714149972196587,41,4,male
0.0714149972196587,42,4,male
0.0714149972196587,43,4,male
0.0315865651704542,44,4,male
0.0315865651704542,45,4,male
0.0315865651704542,46,4,male
0.0315865651704542,47,4,male
0.0315865651704542,48,4,male
0.00892859930709934,49,4,male
0.00892859930709934,50,4,male
0.00892859930709934,51,4,male
0.00892859930709934,52,4,male
0.00892859930709934,53,4,male
0.00245814220183486,54,4,male
0.00245814220183486,55,4,male
0.00245814220183486,56,4,male
0.00245814220183486,57,4,male
0.00245814220183486,58,4,male
7.62189054726368e-4,59,4,male
7.62189054726368e-4,60,4,male
7.62189054726368e-4,61,4,male
7.62189054726368e-4,62,4,male
7.62189054726368e-4,63,4,male
2.42025518341308e-4,64,4,male
2.42025518341308e-4,65,4,male
2.42025518341308e-4,66,4,male
2.42025518341308e-4,67,4,male
2.42025518341308e-4,68,4,male
4.37956204379562e-5,69,4,male
4.37956204379562e-5,70,4,male
4.37956204379562e-5,71,4,male
4.37956204379562e-5,72,4,male
4.37956204379562e-5,73,4,male
4.37956204379562e-5,74,4,male
4.37956204379562e-5,75,4,male
4.37956204379562e-5,76,4,male
4.37956204379562e-5,77,4,male
4.37956204379562e-5,78,4,male
4.37956204379562e-5,79,4,male
4.37956204379562e-5,80,4,male
4.37956204379562e-5,81,4,male
4.37956204379562e-5,82,4,male
4.37956204379562e-5,83,4,male
4.37956204379562e-5,84,4,male
4.37956204379562e-5,85,4,male
4.37956204379562e-5,86,4,male
4.37956204379562e-5,87,4,male
4.37956204379562e-5,88,4,male
4.37956204379562e-5,89,4,male
4.37956204379562e-5,90,4,male
4.37956204379562e-5,91,4,male
4.37956204379562e-5,92,4,male
4.37956204379562e-5,93,4,male
4.37956204379562e-5,94,4,male
4.37956204379562e-5,95,4,male
4.37956204379562e-5,96,4,male
4.37956204379562e-5,97,4,male
4.37956204379562e-5,98,4,male
4.37956204379562e-5,99,4,male
4.37956204379562e-5,100,4,male
0,1,5,male
0,2,5,male
0,3,5,male
0,4,5,male
0,5,5,male
0,6,5,male
0,7,5,male
0,8,5,male
0,9,5,male
0,10,5,male
0,11,5,male
0,12,5,male
0,13,5,male
0,14,5,male
0,15,5,male
0,16,5,male
0,17,5,male
0,18,5,male
0,19,5,male
0.0010260935970771,20,5,male
0.0010260935970771,21,5,male
0.0010260935970771,22,5,male
0.0010260935970771,23,5,male
0.0010260935970771,24,5,male
0.0138986338793752,25,5,male
0.0138986338793752,26,5,male
0.0138986338793752,27,5,male
0.0138986338793752,28,5,male
0.0138986338793752,29,5,male
0.0503203800720305,30,5,male
0.0503203800720305,31,5,male
0.0503203800720305,32,5,male
0.0503203800720305,33,5,male
0.0503203800720305,34,5,male
0.0857588443229874,35,5,male
0.0857588443229874,36,5,male
0.0857588443229874,37,5,male
0.0857588443229874,38,5,male
0.0857588443229874,39,5,male
0.0716725860397468,40,5,male
0.0716725860397468,41,5,male
0.0716725860397468,42,5,male
0.0716725860397468,43,5,male
0.0716725860397468,44,5,male
0.0317004956664237,45,5,male
0.0317004956664237,46,5,male
0.0317004956664237,47,5,male
0.0317004956664237,48,5,male
0.0317004956664237,49,5,male
0.00896080413031709,50,5,male
0.00896080413031709,51,5,male
0.00896080413031709,52,5,male
0.00896080413031709,53,5,male
0.00896080413031709,54,5,male
0.00245814220183486,55,5,male
0.00245814220183486,56,5,male
0.00245814220183486,57,5,male
0.00245814220183486,58,5,male
0.00245814220183486,59,5,male
7.62189054726368e-4,60,5,male
7.62189054726368e-4,61,5,male
7.62189054726368e-4,62,5,male
7.62189054726368e-4,63,5,male
7.62189054726368e-4,64,5,male
2.42025518341308e-4,65,5,male
2.42025518341308e-4,66,5,male
2.42025518341308e-4,67,5,male
2.42025518341308e-4,68,5,male
2.42025518341308e-4,69,5,male
4.37956204379562e-5,70,5,male
4.37956204379562e-5,71,5,male
4.37956204379562e-5,72,5,male
4.37956204379562e-5,73,5,male
4.37956204379562e-5,74,5,male
4.37956204379562e-5,75,5,male
4.37956204379562e-5,76,5,male
4.37956204379562e-5,77,5,male
4.37956204379562e-5,78,5,male
4.37956204379562e-5,79,5,male
4.37956204379562e-5,80,5,male
4.37956204379562e-5,81,5,male
4.37956204379562e-5,82,5,male
4.37956204379562e-5,83,5,male
4.37956204379562e-5,84,5,male
4.37956204379562e-5,85,5,male
4.37956204379562e-5,86,5,male
4.37956204379562e-5,87,5,male
4.37956204379562e-5,88,5,male
4.37956204379562e-5,89,5,male
4.37956204379562e-5,90,5,male
4.37956204379562e-5,91,5,male
4.37956204379562e-5,92,5,male
4.37956204379562e-5,93,5,male
4.37956204379562e-5,94,5,male
4.37956204379562e-5,95,5,male
4.37956204379562e-5,96,5,male
4.37956204379562e-5,97,5,male
4.37956204379562e-5,98,5,male
4.37956204379562e-5,99,5,male
4.37956204379562e-5,100,5,male
0,1,6,male
0,2,6,male
0,3,6,male
0,4,6,male
0,5,6,male
0,6,6,male
0,7,6,male
0,8,6,male
0,9,6,male
0,10,6,male
0,11,6,male
0,12,6,male
0,13,6,male
0,14,6,male
0,15,6,male
0,16,6,male
0,17,6,male
0,18,6,male
0,19,6,male
0,20,6,male
0.00112297781784636,21,6,male
0.00112297781784636,22,6,male
0.00112297781784636,23,6,male
0.00112297781784636,24,6,male
0.00112297781784636,25,6,male
0.0142997947008848,26,6,male
0.0142997947008848,27,6,male
0.0142997947008848,28,6,male
0.0142997947008848,29,6,male
0.0142997947008848,30,6,male
0.0478796148772953,31,6,male
0.0478796148772953,32,6,male
0.0478796148772953,33,6,male
0.0478796148772953,34,6,male
0.0478796148772953,35,6,male
0.0842647897638771,36,6,male
0.0842647897638771,37,6,male
0.0842647897638771,38,6,male
0.0842647897638771,39,6,male
0.0842647897638771,40,6,male
0.0692484106392163,41,6,male
0.0692484106392163,42,6,male
0.0692484106392163,43,6,male
0.0692484106392163,44,6,male
0.0692484106392163,45,6,male
0.0299357167929763,46,6,male
0.0299357167929763,47,6,male
0.0299357167929763,48,6,male
0.0299357167929763,49,6,male
0.0299357167929763,50,6,male
0.0085918896627566,51,6,male
0.0085918896627566,52,6,male
0.0085918896627566,53,6,male
0.0085918896627566,54,6,male
0.0085918896627566,55,6,male
0.00241693337212685,56,6,male
0.00241693337212685,57,6,male
0.00241693337212685,58,6,male
0.00241693337212685,59,6,male
0.00241693337212685,60,6,male
7.37435897435897e-4,61,6,male
7.37435897435897e-4,62,6,male
7.37435897435897e-4,63,6,male
7.37435897435897e-4,64,6,male
7.37435897435897e-4,65,6,male
2.59167696744953e-4,66,6,male
2.59167696744953e-4,67,6,male
2.59167696744953e-4,68,6,male
2.59167696744953e-4,69,6,male
2.59167696744953e-4,70,6,male
3.59305611626968e-5,71,6,male
3.59305611626968e-5,72,6,male
3.59305611626968e-5,73,6,male
3.59305611626968e-5,74,6,male
3.59305611626968e-5,75,6,male
3.59305611626968e-5,76,6,male
3.59305611626968e-5,77,6,male
3.59305611626968e-5,78,6,male
3.59305611626968e-5,79,6,male
3.59305611626968e-5,80,6,male
3.59305611626968e-5,81,6,male
3.59305611626968e-5,82,6,male
3.59305611626968e-5,83,6,male
3.59305611626968e-5,84,6,male
3.59305611626968e-5,85,6,male
3.59305611626968e-5,86,6,male
3.59305611626968e-5,87,6,male
3.59305611626968e-5,88,6,male
3.59305611626968e-5,89,6,male
3.59305611626968e-5,90,6,male
3.59305611626968e-5,91,6,male
3.59305611626968e-5,92,6,male
3.59305611626968e-5,93,6,male
3.59305611626968e-5,94,6,male
3.59305611626968e-5,95,6,male
3.59305611626968e-5,96,6,male
3.59305611626968e-5,97,6,male
3.59305611626968e-5,98,6,male
3.59305611626968e-5,99,6,male
3.59305611626968e-5,100,6,male
0,1,7,male
0,2,7,male
0,3,7,male
0,4,7,male
0,5,7,male
0,6,7,male
0,7,7,male
0,8,7,male
0,9,7,male
0,10,7,male
0,11,7,male
0,12,7,male
0,13,7,male
0,14,7,male
0,15,7,male
0,16,7,male
0,17,7,male
0,18,7,male
0,19,7,male
0,20,7,male
0,21,7,male
0.00107885023898035,22,7,male
0.00107885023898035,23,7,male
0.00107885023898035,24,7,male
0.00107885023898035,25,7,male
0.00107885023898035,26,7,male
0.0143133561993059,27,7,male
0.0143133561993059,28,7,male
0.0143133561993059,29,7,male
0.0143133561993059,30,7,male
0.0143133561993059,31,7,male
0.0459535936191322,32,7,male
0.0459535936191322,33,7,male
0.0459535936191322,34,7,male
0.0459535936191322,35,7,male
0.0459535936191322,36,7,male
0.0810765603975065,37,7,male
0.0810765603975065,38,7,male
0.0810765603975065,39,7,male
0.0810765603975065,40,7,male
0.0810765603975065,41,7,male
0.0659505775921485,42,7,male
0.0659505775921485,43,7,male
0.0659505775921485,44,7,male
0.0659505775921485,45,7,male
0.0659505775921485,46,7,male
0.0277088860731082,47,7,male
0.0277088860731082,48,7,male
0.0277088860731082,49,7,male
0.0277088860731082,50,7,male
0.0277088860731082,51,7,male
0.00789954852061812,52,7,male
0.00789954852061812,53,7,male
0.00789954852061812,54,7,male
0.00789954852061812,55,7,male
0.00789954852061812,56,7,male
0.00215254237288136,57,7,male
0.00215254237288136,58,7,male
0.00215254237288136,59,7,male
0.00215254237288136,60,7,male
0.00215254237288136,61,7,male
6.72995780590717e-4,62,7,male
6.72995780590717e-4,63,7,male
6.72995780590717e-4,64,7,male
6.72995780590717e-4,65,7,male
6.72995780590717e-4,66,7,male
2.7950575202386e-4,67,7,male
2.7950575202386e-4,68,7,male
2.7950575202386e-4,69,7,male
2.7950575202386e-4,70,7,male
2.7950575202386e-4,71,7,male
3.95041547473096e-5,72,7,male
3.95041547473096e-5,73,7,male
3.95041547473096e-5,74,7,male
3.95041547473096e-5,75,7,male
3.95041547473096e-5,76,7,male
3.95041547473096e-5,77,7,male
3.95041547473096e-5,78,7,male
3.95041547473096e-5,79,7,male
3.95041547473096e-5,80,7,male
3.95041547473096e-5,81,7,male
3.95041547473096e-5,82,7,male
3.95041547473096e-5,83,7,male
3.95041547473096e-5,84,7,male
3.95041547473096e-5,85,7,male
3.95041547473096e-5,86,7,male
3.95041547473096e-5,87,7,male
3.95041547473096e-5,88,7,male
3.95041547473096e-5,89,7,male
3.95041547473096e-5,90,7,male
3.95041547473096e-5,91,7,male
3.95041547473096e-5,92,7,male
3.95041547473096e-5,93,7,male
3.95041547473096e-5,94,7,male
3.95041547473096e-5,95,7,male
3.95041547473096e-5,96,7,male
3.95041547473096e-5,97,7,male
3.95041547473096e-5,98,7,male
3.95041547473096e-5,99,7,male
3.95041547473096e-5,100,7,male
0,1,8,male
0,2,8,male
0,3,8,male
0,4,8,male
0,5,8,male
0,6,8,male
0,7,8,male
0,8,8,male
0,9,8,male
0,10,8,male
0,11,8,male
0,12,8,male
0,13,8,male
0,14,8,male
0,15,8,male
0,16,8,male
0,17,8,male
0,18,8,male
0,19,8,male
0,20,8,male
0,21,8,male
0,22,8,male
0.00115164825407298,23,8,male
0.00115164825407298,24,8,male
0.00115164825407298,25,8,male
0.00115164825407298,26,8,male
0.00115164825407298,27,8,male
0.0150402479472523,28,8,male
0.0150402479472523,29,8,male
0.0150402479472523,30,8,male
0.0150402479472523,31,8,male
0.0150402479472523,32,8,male
0.0463866760028271,33,8,male
0.0463866760028271,34,8,male
0.0463866760028271,35,8,male
0.0463866760028271,36,8,male
0.0463866760028271,37,8,male
0.0813093583792809,38,8,male
0.0813093583792809,39,8,male
0.0813093583792809,40,8,male
0.0813093583792809,41,8,male
0.0813093583792809,42,8,male
0.0635644060312701,43,8,male
0.0635644060312701,44,8,male
0.0635644060312701,45,8,male
0.0635644060312701,46,8,male
0.0635644060312701,47,8,male
0.0263337638387737,48,8,male
0.0263337638387737,49,8,male
0.0263337638387737,50,8,male
0.0263337638387737,51,8,male
0.0263337638387737,52,8,male
0.00759044583964071,53,8,male
0.00759044583964071,54,8,male
0.00759044583964071,55,8,male
0.00759044583964071,56,8,male
0.00759044583964071,57,8,male
0.0021141287763198,58,8,male
0.0021141287763198,59,8,male
0.0021141287763198,60,8,male
0.0021141287763198,61,8,male
0.0021141287763198,62,8,male
6.8892096715987e-4,63,8,male
6.8892096715987e-4,64,8,male
6.8892096715987e-4,65,8,male
6.8892096715987e-4,66,8,male
6.8892096715987e-4,67,8,male
2.89982425307557e-4,68,8,male
2.89982425307557e-4,69,8,male
2.89982425307557e-4,70,8,male
2.89982425307557e-4,71,8,male
2.89982425307557e-4,72,8,male
4.0639206502273e-5,73,8,male
4.0639206502273e-5,74,8,male
4.0639206502273e-5,75,8,male
4.0639206502273e-5,76,8,male
4.0639206502273e-5,77,8,male
4.0639206502273e-5,78,8,male
4.0639206502273e-5,79,8,male
4.0639206502273e-5,80,8,male
4.0639206502273e-5,81,8,male
4.0639206502273e-5,82,8,male
4.0639206502273e-5,83,8,male
4.0639206502273e-5,84,8,male
4.0639206502273e-5,85,8,male
4.0639206502273e-5,86,8,male
4.0639206502273e-5,87,8,male
4.0639206502273e-5,88,8,male
4.0639206502273e-5,89,8,male
4.0639206502273e-5,90,8,male
4.0639206502273e-5,91,8,male
4.0639206502273e-5,92,8,male
4.0639206502273e-5,93,8,male
4.0639206502273e-5,94,8,male
4.0639206502273e-5,95,8,male
4.0639206502273e-5,96,8,male
4.0639206502273e-5,97,8,male
4.0639206502273e-5,98,8,male
4.0639206502273e-5,99,8,male
4.0639206502273e-5,100,8,male
0,1,9,male
0,2,9,male
0,3,9,male
0,4,9,male
0,5,9,male
0,6,9,male
0,7,9,male
0,8,9,male
0,9,9,male
0,10,9,male
0,11,9,male
0,12,9,male
0,13,9,male
0,14,9,male
0,15,9,male
0,16,9,male
0,17,9,male
0,18,9,male
0,19,9,male
0,20,9,male
0,21,9,male
0,22,9,male
0,23,9,male
0.00113523808624045,24,9,male
0.00113523808624045,25,9,male
0.00113523808624045,26,9,male
0.00113523808624045,27,9,male
0.00113523808624045,28,9,male
0.0151137401494026,29,9,male
0.0151137401494026,30,9,male
0.0151137401494026,31,9,male
0.0151137401494026,32,9,male
0.0151137401494026,33,9,male
0.0464333553594654,34,9,male
0.0464333553594654,35,9,male
0.0464333553594654,36,9,male
0.0464333553594654,37,9,male
0.0464333553594654,38,9,male
0.0796839785705541,39,9,male
0.0796839785705541,40,9,male
0.0796839785705541,41,9,male
0.0796839785705541,42,9,male
0.0796839785705541,43,9,male
0.061489993019753,44,9,male
0.061489993019753,45,9,male
0.061489993019753,46,9,male
0.061489993019753,47,9,male
0.061489993019753,48,9,male
0.0248722275868047,49,9,male
0.0248722275868047,50,9,male
0.0248722275868047,51,9,male
0.0248722275868047,52,9,male
0.0248722275868047,53,9,male
0.00710218336565937,54,9,male
0.00710218336565937,55,9,male
0.00710218336565937,56,9,male
0.00710218336565937,57,9,male
0.00710218336565937,58,9,male
0.00205423197492163,59,9,male
0.00205423197492163,60,9,male
0.00205423197492163,61,9,male
0.00205423197492163,62,9,male
0.00205423197492163,63,9,male
6.54330125832717e-4,64,9,male
6.54330125832717e-4,65,9,male
6.54330125832717e-4,66,9,male
6.54330125832717e-4,67,9,male
6.54330125832717e-4,68,9,male
2.92770543331837e-4,69,9,male
2.92770543331837e-4,70,9,male
2.92770543331837e-4,71,9,male
2.92770543331837e-4,72,9,male
2.92770543331837e-4,73,9,male
3.6366169708792e-5,74,9,male
3.6366169708792e-5,75,9,male
3.6366169708792e-5,76,9,male
3.6366169708792e-5,77,9,male
3.6366169708792e-5,78,9,male
3.6366169708792e-5,79,9,male
3.6366169708792e-5,80,9,male
3.6366169708792e-5,81,9,male
3.6366169708792e-5,82,9,male
3.6366169708792e-5,83,9,male
3.6366169708792e-5,84,9,male
3.6366169708792e-5,85,9,male
3.6366169708792e-5,86,9,male
3.6366169708792e-5,87,9,male
3.6366169708792e-5,88,9,male
3.6366169708792e-5,89,9,male
3.6366169708792e-5,90,9,male
3.6366169708792e-5,91,9,male
3.6366169708792e-5,92,9,male
3.6366169708792e-5,93,9,male
3.6366169708792e-5,94,9,male
3.6366169708792e-5,95,9,male
3.6366169708792e-5,96,9,male
3.6366169708792e-5,97,9,male
3.6366169708792e-5,98,9,male
3.6366169708792e-5,99,9,male
3.6366169708792e-5,100,9,male
0,1,10,male
0,2,10,male
0,3,10,male
0,4,10,male
0,5,10,male
0,6,10,male
0,7,10,male
0,8,10,male
0,9,10,male
0,10,10,male
0,11,10,male
0,12,10,male
0,13,10,male
0,14,10,male
0,15,10,male
0,16,10,male
0,17,10,male
0,18,10,male
0,19,10,male
0,20,10,male
0,21,10,male
0,22,10,male
0,23,10,male
0,24,10,male
0.00113529873715673,25,10,male
0.00113529873715673,26,10,male
0.00113529873715673,27,10,male
0.00113529873715673,28,10,male
0.00113529873715673,29,10,male
0.0151145476119072,30,10,male
0.0151145476119072,31,10,male
0.0151145476119072,32,10,male
0.0151145476119072,33,10,male
0.0151145476119072,34,10,male
0.0464358360950771,35,10,male
0.0464358360950771,36,10,male
0.0464358360950771,37,10,male
0.0464358360950771,38,10,male
0.0464358360950771,39,10,male
0.0796882357447728,40,10,male
0.0796882357447728,41,10,male
0.0796882357447728,42,10,male
0.0796882357447728,43,10,male
0.0796882357447728,44,10,male
0.0614932781671276,45,10,male
0.0614932781671276,46,10,male
0.0614932781671276,47,10,male
0.0614932781671276,48,10,male
0.0614932781671276,49,10,male
0.0248735564035624,50,10,male
0.0248735564035624,51,10,male
0.0248735564035624,52,10,male
0.0248735564035624,53,10,male
0.0248735564035624,54,10,male
0.00710256280494521,55,10,male
0.00710256280494521,56,10,male
0.00710256280494521,57,10,male
0.00710256280494521,58,10,male
0.00710256280494521,59,10,male
0.00205423197492163,60,10,male
0.00205423197492163,61,10,male
0.00205423197492163,62,10,male
0.00205423197492163,63,10,male
0.00205423197492163,64,10,male
6.54330125832717e-4,65,10,male
6.54330125832717e-4,66,10,male
6.54330125832717e-4,67,10,male
6.54330125832717e-4,68,10,male
6.54330125832717e-4,69,10,male
2.92770543331837e-4,70,10,male
2.92770543331837e-4,71,10,male
2.92770543331837e-4,72,10,male
2.92770543331837e-4,73,10,male
2.92770543331837e-4,74,10,male
3.6366169708792e-5,75,10,male
3.6366169708792e-5,76,10,male
3.6366169708792e-5,77,10,male
3.6366169708792e-5,78,10,male
3.6366169708792e-5,79,10,male
3.6366169708792e-5,80,10,male
3.6366169708792e-5,81,10,male
3.6366169708792e-5,82,10,male
3.6366169708792e-5,83,10,male
3.6366169708792e-5,84,10,male
3.6366169708792e-5,85,10,male
3.6366169708792e-5,86,10,male
3.6366169708792e-5,87,10,male
3.6366169708792e-5,88,10,male
3.6366169708792e-5,89,10,male
3.6366169708792e-5,90,10,male
3.6366169708792e-5,91,10,male
3.6366169708792e-5,92,10,male
3.6366169708792e-5,93,10,male
3.6366169708792e-5,94,10,male
3.6366169708792e-5,95,10,male
3.6366169708792e-5,96,10,male
3.6366169708792e-5,97,10,male
3.6366169708792e-5,98,10,male
3.6366169708792e-5,99,10,male
3.6366169708792e-5,100,10,male
0,1,11,male
0,2,11,male
0,3,11,male
0,4,11,male
0,5,11,male
0,6,11,male
0,7,11,male
0,8,11,male
0,9,11,male
0,10,11,male
0,11,11,male
0,12,11,male
0,13,11,male
0,14,11,male
0,15,11,male
0,16,11,male
0,17,11,male
0,18,11,male
0,19,11,male
0,20,11,male
0,21,11,male
0,22,11,male
0,23,11,male
0,24,11,male
0,25,11,male
0.00113530460992995,26,11,male
0.00113530460992995,27,11,male
0.00113530460992995,28,11,male
0.00113530460992995,29,11,male
0.00113530460992995,30,11,male
0.0151146257977693,31,11,male
0.0151146257977693,32,11,male
0.0151146257977693,33,11,male
0.0151146257977693,34,11,male
0.0151146257977693,35,11,male
0.0464360763024569,36,11,male
0.0464360763024569,37,11,male
0.0464360763024569,38,11,male
0.0464360763024569,39,11,male
0.0464360763024569,40,11,male
0.0796886479630921,41,11,male
0.0796886479630921,42,11,male
0.0796886479630921,43,11,male
0.0796886479630921,44,11,male
0.0796886479630921,45,11,male
0.061493596264969,46,11,male
0.061493596264969,47,11,male
0.061493596264969,48,11,male
0.061493596264969,49,11,male
0.061493596264969,50,11,male
0.0248736850716841,51,11,male
0.0248736850716841,52,11,male
0.0248736850716841,53,11,male
0.0248736850716841,54,11,male
0.0248736850716841,55,11,male
0.00710259954570719,56,11,male
0.00710259954570719,57,11,male
0.00710259954570719,58,11,male
0.00710259954570719,59,11,male
0.00710259954570719,60,11,male
0.00205423197492163,61,11,male
0.00205423197492163,62,11,male
0.00205423197492163,63,11,male
0.00205423197492163,64,11,male
0.00205423197492163,65,11,male
6.54330125832717e-4,66,11,male
6.54330125832717e-4,67,11,male
6.54330125832717e-4,68,11,male
6.54330125832717e-4,69,11,male
6.54330125832717e-4,70,11,male
2.92770543331837e-4,71,11,male
2.92770543331837e-4,72,11,male
2.92770543331837e-4,73,11,male
2.92770543331837e-4,74,11,male
2.92770543331837e-4,75,11,male
3.6366169708792e-5,76,11,male
3.6366169708792e-5,77,11,male
3.6366169708792e-5,78,11,male
3.6366169708792e-5,79,11,male
3.6366169708792e-5,80,11,male
3.6366169708792e-5,81,11,male
3.6366169708792e-5,82,11,male
3.6366169708792e-5,83,11,male
3.6366169708792e-5,84,11,male
3.6366169708792e-5,85,11,male
3.6366169708792e-5,86,11,male
3.6366169708792e-5,87,11,male
3.6366169708792e-5,88,11,male
3.6366169708792e-5,89,11,male
3.6366169708792e-5,90,11,male
3.6366169708792e-5,91,11,male
3.6366169708792e-5,92,11,male
3.6366169708792e-5,93,11,male
3.6366169708792e-5,94,11,male
3.6366169708792e-5,95,11,male
3.6366169708792e-5,96,11,male
3.6366169708792e-5,97,11,male
3.6366169708792e-5,98,11,male
3.6366169708792e-5,99,11,male
3.6366169708792e-5,100,11,male
0,1,12,male
0,2,12,male
0,3,12,male
0,4,12,male
0,5,12,male
0,6,12,male
0,7,12,male
0,8,12,male
0,9,12,male
0,10,12,male
0,11,12,male
0,12,12,male
0,13,12,male
0,14,12,male
0,15,12,male
0,16,12,male
0,17,12,male
0,18,12,male
0,19,12,male
0,20,12,male
0,21,12,male
0,22,12,male
0,23,12,male
0,24,12,male
0,25,12,male
0,26,12,male
0.00113530911063223,27,12,male
0.00113530911063223,28,12,male
0.00113530911063223,29,12,male
0.00113530911063223,30,12,male
0.00113530911063223,31,12,male
0.0151146857168696,32,12,male
0.0151146857168696,33,12,male
0.0151146857168696,34,12,male
0.0151146857168696,35,12,male
0.0151146857168696,36,12,male
0.0464362603895754,37,12,male
0.0464362603895754,38,12,male
0.0464362603895754,39,12,male
0.0464362603895754,40,12,male
0.0464362603895754,41,12,male
0.0796889638737966,42,12,male
0.0796889638737966,43,12,male
0.0796889638737966,44,12,male
0.0796889638737966,45,12,male
0.0796889638737966,46,12,male
0.0614938400448023,47,12,male
0.0614938400448023,48,12,male
0.0614938400448023,49,12,male
0.0614938400448023,50,12,male
0.0614938400448023,51,12,male
0.0248737836787451,52,12,male
0.0248737836787451,53,12,male
0.0248737836787451,54,12,male
0.0248737836787451,55,12,male
0.0248737836787451,56,12,male
0.00710262770263146,57,12,male
0.00710262770263146,58,12,male
0.00710262770263146,59,12,male
0.00710262770263146,60,12,male
0.00710262770263146,61,12,male
0.00205423197492163,62,12,male
0.00205423197492163,63,12,male
0.00205423197492163,64,12,male
0.00205423197492163,65,12,male
0.00205423197492163,66,12,male
6.54330125832717e-4,67,12,male
6.54330125832717e-4,68,12,male
6.54330125832717e-4,69,12,male
6.54330125832717e-4,70,12,male
6.54330125832717e-4,71,12,male
2.92770543331837e-4,72,12,male
2.92770543331837e-4,73,12,male
2.92770543331837e-4,74,12,male
2.92770543331837e-4,75,12,male
2.92770543331837e-4,76,12,male
3.6366169708792e-5,77,12,male
3.6366169708792e-5,78,12,male
3.6366169708792e-5,79,12,male
3.6366169708792e-5,80,12,male
3.6366169708792e-5,81,12,male
3.6366169708792e-5,82,12,male
3.6366169708792e-5,83,12,male
3.6366169708792e-5,84,12,male
3.6366169708792e-5,85,12,male
3.6366169708792e-5,86,12,male
3.6366169708792e-5,87,12,male
3.6366169708792e-5,88,12,male
3.6366169708792e-5,89,12,male
3.6366169708792e-5,90,12,male
3.6366169708792e-5,91,12,male
3.6366169708792e-5,92,12,male
3.6366169708792e-5,93,12,male
3.6366169708792e-5,94,12,male
3.6366169708792e-5,95,12,male
3.6366169708792e-5,96,12,male
3.6366169708792e-5,97,12,male
3.6366169708792e-5,98,12,male
3.6366169708792e-5,99,12,male
3.6366169708792e-5,100,12,male
0,1,13,male
0,2,13,male
0,3,13,male
0,4,13,male
0,5,13,male
0,6,13,male
0,7,13,male
0,8,13,male
0,9,13,male
0,10,13,male
0,11,13,male
0,12,13,male
0,13,13,male
0,14,13,male
0,15,13,male
0,16,13,male
0,17,13,male
0,18,13,male
0,19,13,male
0,20,13,male
0,21,13,male
0,22,13,male
0,23,13,male
0,24,13,male
0,25,13,male
0,26,13,male
0,27,13,male
0.00139948424078459,28,13,male
0.00139948424078459,29,13,male
0.00139948424078459,30,13,male
0.00139948424078459,31,13,male
0.00139948424078459,32,13,male
0.0164173157795441,33,13,male
0.0164173157795441,34,13,male
0.0164173157795441,35,13,male
0.0164173157795441,36,13,male
0.0164173157795441,37,13,male
0.0525194127701412,38,13,male
0.0525194127701412,39,13,male
0.0525194127701412,40,13,male
0.0525194127701412,41,13,male
0.0525194127701412,42,13,male
0.0763541715463388,43,13,male
0.0763541715463388,44,13,male
0.0763541715463388,45,13,male
0.0763541715463388,46,13,male
0.0763541715463388,47,13,male
0.0540112064580701,48,13,male
0.0540112064580701,49,13,male
0.0540112064580701,50,13,male
0.0540112064580701,51,13,male
0.0540112064580701,52,13,male
0.0210671215422651,53,13,male
0.0210671215422651,54,13,male
0.0210671215422651,55,13,male
0.0210671215422651,56,13,male
0.0210671215422651,57,13,male
0.00606785085564562,58,13,male
0.00606785085564562,59,13,male
0.00606785085564562,60,13,male
0.00606785085564562,61,13,male
0.00606785085564562,62,13,male
0.00190634755463059,63,13,male
0.00190634755463059,64,13,male
0.00190634755463059,65,13,male
0.00190634755463059,66,13,male
0.00190634755463059,67,13,male
7.73084886128364e-4,68,13,male
7.73084886128364e-4,69,13,male
7.73084886128364e-4,70,13,male
7.73084886128364e-4,71,13,male
7.73084886128364e-4,72,13,male
2.77631578947368e-4,73,13,male
2.77631578947368e-4,74,13,male
2.77631578947368e-4,75,13,male
2.77631578947368e-4,76,13,male
2.77631578947368e-4,77,13,male
4.57330742788821e-5,78,13,male
4.57330742788821e-5,79,13,male
4.57330742788821e-5,80,13,male
4.57330742788821e-5,81,13,male
4.57330742788821e-5,82,13,male
4.57330742788821e-5,83,13,male
4.57330742788821e-5,84,13,male
4.57330742788821e-5,85,13,male
4.57330742788821e-5,86,13,male
4.57330742788821e-5,87,13,male
4.57330742788821e-5,88,13,male
4.57330742788821e-5,89,13,male
4.57330742788821e-5,90,13,male
4.57330742788821e-5,91,13,male
4.57330742788821e-5,92,13,male
4.57330742788821e-5,93,13,male
4.57330742788821e-5,94,13,male
4.57330742788821e-5,95,13,male
4.57330742788821e-5,96,13,male
4.57330742788821e-5,97,13,male
4.57330742788821e-5,98,13,male
4.57330742788821e-5,99,13,male
4.57330742788821e-5,100,13,male
0,1,14,male
0,2,14,male
0,3,14,male
0,4,14,male
0,5,14,male
0,6,14,male
0,7,14,male
0,8,14,male
0,9,14,male
0,10,14,male
0,11,14,male
0,12,14,male
0,13,14,male
0,14,14,male
0,15,14,male
0,16,14,male
0,17,14,male
0,18,14,male
0,19,14,male
0,20,14,male
0,21,14,male
0,22,14,male
0,23,14,male
0,24,14,male
0,25,14,male
0,26,14,male
0,27,14,male
0,28,14,male
0.00139949341024509,29,14,male
0.00139949341024509,30,14,male
0.00139949341024509,31,14,male
0.00139949341024509,32,14,male
0.00139949341024509,33,14,male
0.0164174233462634,34,14,male
0.0164174233462634,35,14,male
0.0164174233462634,36,14,male
0.0164174233462634,37,14,male
0.0164174233462634,38,14,male
0.0525197568788255,39,14,male
0.0525197568788255,40,14,male
0.0525197568788255,41,14,male
0.0525197568788255,42,14,male
0.0525197568788255,43,14,male
0.0763546718210397,44,14,male
0.0763546718210397,45,14,male
0.0763546718210397,46,14,male
0.0763546718210397,47,14,male
0.0763546718210397,48,14,male
0.0540115603410291,49,14,male
0.0540115603410291,50,14,male
0.0540115603410291,51,14,male
0.0540115603410291,52,14,male
0.0540115603410291,53,14,male
0.0210672595746439,54,14,male
0.0210672595746439,55,14,male
0.0210672595746439,56,14,male
0.0210672595746439,57,14,male
0.0210672595746439,58,14,male
0.0060678906123768,59,14,male
0.0060678906123768,60,14,male
0.0060678906123768,61,14,male
0.0060678906123768,62,14,male
0.0060678906123768,63,14,male
0.00190634755463059,64,14,male
0.00190634755463059,65,14,male
0.00190634755463059,66,14,male
0.00190634755463059,67,14,male
0.00190634755463059,68,14,male
7.73084886128364e-4,69,14,male
7.73084886128364e-4,70,14,male
7.73084886128364e-4,71,14,male
7.73084886128364e-4,72,14,male
7.73084886128364e-4,73,14,male
2.77631578947368e-4,74,14,male
2.77631578947368e-4,75,14,male
2.77631578947368e-4,76,14,male
2.77631578947368e-4,77,14,male
2.77631578947368e-4,78,14,male
4.57330742788821e-5,79,14,male
4.57330742788821e-5,80,14,male
4.57330742788821e-5,81,14,male
4.57330742788821e-5,82,14,male
4.57330742788821e-5,83,14,male
4.57330742788821e-5,84,14,male
4.57330742788821e-5,85,14,male
4.57330742788821e-5,86,14,male
4.57330742788821e-5,87,14,male
4.57330742788821e-5,88,14,male
4.57330742788821e-5,89,14,male
4.57330742788821e-5,90,14,male
4.57330742788821e-5,91,14,male
4.57330742788821e-5,92,14,male
4.57330742788821e-5,93,14,male
4.57330742788821e-5,94,14,male
4.57330742788821e-5,95,14,male
4.57330742788821e-5,96,14,male
4.57330742788821e-5,97,14,male
4.57330742788821e-5,98,14,male
4.57330742788821e-5,99,14,male
4.57330742788821e-5,100,14,male
0,1,15,male
0,2,15,male
0,3,15,male
0,4,15,male
0,5,15,male
0,6,15,male
0,7,15,male
0,8,15,male
0,9,15,male
0,10,15,male
0,11,15,male
0,12,15,male
0,13,15,male
0,14,15,male
0,15,15,male
0,16,15,male
0,17,15,male
0,18,15,male
0,19,15,male
0,20,15,male
0,21,15,male
0,22,15,male
0,23,15,male
0,24,15,male
0,25,15,male
0,26,15,male
0,27,15,male
0,28,15,male
0,29,15,male
0.00139749207683258,30,15,male
0.00139749207683258,31,15,male
0.00139749207683258,32,15,male
0.00139749207683258,33,15,male
0.00139749207683258,34,15,male
0.0163939457524071,35,15,male
0.0163939457524071,36,15,male
0.0163939457524071,37,15,male
0.0163939457524071,38,15,male
0.0163939457524071,39,15,male
0.0524446514560423,40,15,male
0.0524446514560423,41,15,male
0.0524446514560423,42,15,male
0.0524446514560423,43,15,male
0.0524446514560423,44,15,male
0.0762454814848806,45,15,male
0.0762454814848806,46,15,male
0.0762454814848806,47,15,male
0.0762454814848806,48,15,male
0.0762454814848806,49,15,male
0.0539343215776442,50,15,male
0.0539343215776442,51,15,male
0.0539343215776442,52,15,male
0.0539343215776442,53,15,male
0.0539343215776442,54,15,male
0.0210371325228205,55,15,male
0.0210371325228205,56,15,male
0.0210371325228205,57,15,male
0.0210371325228205,58,15,male
0.0210371325228205,59,15,male
0.00605921327803771,60,15,male
0.00605921327803771,61,15,male
0.00605921327803771,62,15,male
0.00605921327803771,63,15,male
0.00605921327803771,64,15,male
0.00190634755463059,65,15,male
0.00190634755463059,66,15,male
0.00190634755463059,67,15,male
0.00190634755463059,68,15,male
0.00190634755463059,69,15,male
7.73084886128364e-4,70,15,male
7.73084886128364e-4,71,15,male
7.73084886128364e-4,72,15,male
7.73084886128364e-4,73,15,male
7.73084886128364e-4,74,15,male
2.77631578947368e-4,75,15,male
2.77631578947368e-4,76,15,male
2.77631578947368e-4,77,15,male
2.77631578947368e-4,78,15,male
2.77631578947368e-4,79,15,male
4.57330742788821e-5,80,15,male
4.57330742788821e-5,81,15,male
4.57330742788821e-5,82,15,male
4.57330742788821e-5,83,15,male
4.57330742788821e-5,84,15,male
4.57330742788821e-5,85,15,male
4.57330742788821e-5,86,15,male
4.57330742788821e-5,87,15,male
4.57330742788821e-5,88,15,male
4.57330742788821e-5,89,15,male
4.57330742788821e-5,90,15,male
4.57330742788821e-5,91,15,male
4.57330742788821e-5,92,15,male
4.57330742788821e-5,93,15,male
4.57330742788821e-5,94,15,male
4.57330742788821e-5,95,15,male
4.57330742788821e-5,96,15,male
4.57330742788821e-5,97,15,male
4.57330742788821e-5,98,15,male
4.57330742788821e-5,99,15,male
4.57330742788821e-5,100,15,male
0,1,16,male
0,2,16,male
0,3,16,male
0,4,16,male
0,5,16,male
0,6,16,male
0,7,16,male
0,8,16,male
0,9,16,male
0,10,16,male
0,11,16,male
0,12,16,male
0,13,16,male
0,14,16,male
0,15,16,male
0,16,16,male
0,17,16,male
0,18,16,male
0,19,16,male
0,20,16,male
0,21,16,male
0,22,16,male
0,23,16,male
0,24,16,male
0,25,16,male
0,26,16,male
0,27,16,male
0,28,16,male
0,29,16,male
0,30,16,male
0.00139751860070913,31,16,male
0.00139751860070913,32,16,male
0.00139751860070913,33,16,male
0.00139751860070913,34,16,male
0.00139751860070913,35,16,male
0.0163942569033614,36,16,male
0.0163942569033614,37,16,male
0.0163942569033614,38,16,male
0.0163942569033614,39,16,male
0.0163942569033614,40,16,male
0.0524456468358973,41,16,male
0.0524456468358973,42,16,male
0.0524456468358973,43,16,male
0.0524456468358973,44,16,male
0.0524456468358973,45,16,male
0.0762469285955812,46,16,male
0.0762469285955812,47,16,male
0.0762469285955812,48,16,male
0.0762469285955812,49,16,male
0.0762469285955812,50,16,male
0.0539353452308806,51,16,male
0.0539353452308806,52,16,male
0.0539353452308806,53,16,male
0.0539353452308806,54,16,male
0.0539353452308806,55,16,male
0.0210375317997218,56,16,male
0.0210375317997218,57,16,male
0.0210375317997218,58,16,male
0.0210375317997218,59,16,male
0.0210375317997218,60,16,male
0.00605932827963782,61,16,male
0.00605932827963782,62,16,male
0.00605932827963782,63,16,male
0.00605932827963782,64,16,male
0.00605932827963782,65,16,male
0.00190634755463059,66,16,male
0.00190634755463059,67,16,male
0.00190634755463059,68,16,male
0.00190634755463059,69,16,male
0.00190634755463059,70,16,male
7.73084886128364e-4,71,16,male
7.73084886128364e-4,72,16,male
7.73084886128364e-4,73,16,male
7.73084886128364e-4,74,16,male
7.73084886128364e-4,75,16,male
2.77631578947368e-4,76,16,male
2.77631578947368e-4,77,16,male
2.77631578947368e-4,78,16,male
2.77631578947368e-4,79,16,male
2.77631578947368e-4,80,16,male
4.57330742788821e-5,81,16,male
4.57330742788821e-5,82,16,male
4.57330742788821e-5,83,16,male
4.57330742788821e-5,84,16,male
4.57330742788821e-5,85,16,male
4.57330742788821e-5,86,16,male
4.57330742788821e-5,87,16,male
4.57330742788821e-5,88,16,male
4.57330742788821e-5,89,16,male
4.57330742788821e-5,90,16,male
4.57330742788821e-5,91,16,male
4.57330742788821e-5,92,16,male
4.57330742788821e-5,93,16,male
4.57330742788821e-5,94,16,male
4.57330742788821e-5,95,16,male
4.57330742788821e-5,96,16,male
4.57330742788821e-5,97,16,male
4.57330742788821e-5,98,16,male
4.57330742788821e-5,99,16,male
4.57330742788821e-5,100,16,male
0,1,17,male
0,2,17,male
0,3,17,male
0,4,17,male
0,5,17,male
0,6,17,male
0,7,17,male
0,8,17,male
0,9,17,male
0,10,17,male
0,11,17,male
0,12,17,male
0,13,17,male
0,14,17,male
0,15,17,male
0,16,17,male
0,17,17,male
0,18,17,male
0,19,17,male
0,20,17,male
0,21,17,male
0,22,17,male
0,23,17,male
0,24,17,male
0,25,17,male
0,26,17,male
0,27,17,male
0,28,17,male
0,29,17,male
0,30,17,male
0,31,17,male
0.00139751915934414,32,17,male
0.00139751915934414,33,17,male
0.00139751915934414,34,17,male
0.00139751915934414,35,17,male
0.00139751915934414,36,17,male
0.0163942634566953,37,17,male
0.0163942634566953,38,17,male
0.0163942634566953,39,17,male
0.0163942634566953,40,17,male
0.0163942634566953,41,17,male
0.0524456678001799,42,17,male
0.0524456678001799,43,17,male
0.0524456678001799,44,17,male
0.0524456678001799,45,17,male
0.0524456678001799,46,17,male
0.0762469590740336,47,17,male
0.0762469590740336,48,17,male
0.0762469590740336,49,17,male
0.0762469590740336,50,17,male
0.0762469590740336,51,17,male
0.0539353667906455,52,17,male
0.0539353667906455,53,17,male
0.0539353667906455,54,17,male
0.0539353667906455,55,17,male
0.0539353667906455,56,17,male
0.0210375402091282,57,17,male
0.0210375402091282,58,17,male
0.0210375402091282,59,17,male
0.0210375402091282,60,17,male
0.0210375402091282,61,17,male
0.00605933070175439,62,17,male
0.00605933070175439,63,17,male
0.00605933070175439,64,17,male
0.00605933070175439,65,17,male
0.00605933070175439,66,17,male
0.00190634755463059,67,17,male
0.00190634755463059,68,17,male
0.00190634755463059,69,17,male
0.00190634755463059,70,17,male
0.00190634755463059,71,17,male
7.73084886128364e-4,72,17,male
7.73084886128364e-4,73,17,male
7.73084886128364e-4,74,17,male
7.73084886128364e-4,75,17,male
7.73084886128364e-4,76,17,male
2.77631578947368e-4,77,17,male
2.77631578947368e-4,78,17,male
2.77631578947368e-4,79,17,male
2.77631578947368e-4,80,17,male
2.77631578947368e-4,81,17,male
4.57330742788821e-5,82,17,male
4.57330742788821e-5,83,17,male
4.57330742788821e-5,84,17,male
4.57330742788821e-5,85,17,male
4.57330742788821e-5,86,17,male
4.57330742788821e-5,87,17,male
4.57330742788821e-5,88,17,male
4.57330742788821e-5,89,17,male
4.57330742788821e-5,90,17,male
4.57330742788821e-5,91,17,male
4.57330742788821e-5,92,17,male
4.57330742788821e-5,93,17,male
4.57330742788821e-5,94,17,male
4.57330742788821e-5,95,17,male
4.57330742788821e-5,96,17,male
4.57330742788821e-5,97,17,male
4.57330742788821e-5,98,17,male
4.57330742788821e-5,99,17,male
4.57330742788821e-5,100,17,male
