X,age,gender,deaths.x,deaths.y,deaths,child_age,nb_c,orphans
1,0-4,Male,384.305595307,536.73965825,71,0,0,0
1,0-4,Male,384.305595307,536.73965825,71,1,0,0
1,0-4,Male,384.305595307,536.73965825,71,2,0,0
1,0-4,Male,384.305595307,536.73965825,71,3,0,0
1,0-4,Male,384.305595307,536.73965825,71,4,0,0
1,0-4,Male,384.305595307,536.73965825,71,5,0,0
1,0-4,Male,384.305595307,536.73965825,71,6,0,0
1,0-4,Male,384.305595307,536.73965825,71,7,0,0
1,0-4,Male,384.305595307,536.73965825,71,8,0,0
1,0-4,Male,384.305595307,536.73965825,71,9,0,0
1,0-4,Male,384.305595307,536.73965825,71,10,0,0
1,0-4,Male,384.305595307,536.73965825,71,11,0,0
1,0-4,Male,384.305595307,536.73965825,71,12,0,0
1,0-4,Male,384.305595307,536.73965825,71,13,0,0
1,0-4,Male,384.305595307,536.73965825,71,14,0,0
1,0-4,Male,384.305595307,536.73965825,71,15,0,0
1,0-4,Male,384.305595307,536.73965825,71,16,0,0
1,0-4,Male,384.305595307,536.73965825,71,17,0,0
2,0-4,Female,307.015084519,446.567395664,65,0,0,0
2,0-4,Female,307.015084519,446.567395664,65,1,0,0
2,0-4,Female,307.015084519,446.567395664,65,2,0,0
2,0-4,Female,307.015084519,446.567395664,65,3,0,0
2,0-4,Female,307.015084519,446.567395664,65,4,0,0
2,0-4,Female,307.015084519,446.567395664,65,5,0,0
2,0-4,Female,307.015084519,446.567395664,65,6,0,0
2,0-4,Female,307.015084519,446.567395664,65,7,0,0
2,0-4,Female,307.015084519,446.567395664,65,8,0,0
2,0-4,Female,307.015084519,446.567395664,65,9,0,0
2,0-4,Female,307.015084519,446.567395664,65,10,0,0
2,0-4,Female,307.015084519,446.567395664,65,11,0,0
2,0-4,Female,307.015084519,446.567395664,65,12,0,0
2,0-4,Female,307.015084519,446.567395664,65,13,0,0
2,0-4,Female,307.015084519,446.567395664,65,14,0,0
2,0-4,Female,307.015084519,446.567395664,65,15,0,0
2,0-4,Female,307.015084519,446.567395664,65,16,0,0
2,0-4,Female,307.015084519,446.567395664,65,17,0,0
3,10-14,Male,0,188.932359704,88,0,0,0
3,10-14,Male,0,188.932359704,88,1,0,0
3,10-14,Male,0,188.932359704,88,2,0,0
3,10-14,Male,0,188.932359704,88,3,0,0
3,10-14,Male,0,188.932359704,88,4,0,0
3,10-14,Male,0,188.932359704,88,5,0,0
3,10-14,Male,0,188.932359704,88,6,0,0
3,10-14,Male,0,188.932359704,88,7,0,0
3,10-14,Male,0,188.932359704,88,8,0,0
3,10-14,Male,0,188.932359704,88,9,0,0
3,10-14,Male,0,188.932359704,88,10,0,0
3,10-14,Male,0,188.932359704,88,11,0,0
3,10-14,Male,0,188.932359704,88,12,0,0
3,10-14,Male,0,188.932359704,88,13,0,0
3,10-14,Male,0,188.932359704,88,14,0,0
3,10-14,Male,0,188.932359704,88,15,0,0
3,10-14,Male,0,188.932359704,88,16,0,0
3,10-14,Male,0,188.932359704,88,17,0,0
4,10-14,Female,0,143.846228411,67,0,0,0
4,10-14,Female,0,143.846228411,67,1,0,0
4,10-14,Female,0,143.846228411,67,2,0,0
4,10-14,Female,0,143.846228411,67,3,0,0
4,10-14,Female,0,143.846228411,67,4,0,0
4,10-14,Female,0,143.846228411,67,5,0,0
4,10-14,Female,0,143.846228411,67,6,0,0
4,10-14,Female,0,143.846228411,67,7,0,0
4,10-14,Female,0,143.846228411,67,8,0,0
4,10-14,Female,0,143.846228411,67,9,0,0
4,10-14,Female,0,143.846228411,67,10,0,0
4,10-14,Female,0,143.846228411,67,11,0,0
4,10-14,Female,0,143.846228411,67,12,0,0
4,10-14,Female,0,143.846228411,67,13,0,0
4,10-14,Female,0,143.846228411,67,14,0,0
4,10-14,Female,0,143.846228411,67,15,0,0
4,10-14,Female,0,143.846228411,67,16,0,0
4,10-14,Female,0,143.846228411,67,17,0,0
5,15-19,Male,231.871532364,395.040388472,76,0,0.0217541137364941,2
5,15-19,Male,231.871532364,395.040388472,76,1,0.0174053762766148,1
5,15-19,Male,231.871532364,395.040388472,76,2,0.01305585253182468,1
5,15-19,Male,231.871532364,395.040388472,76,3,0.008704984496822719,1
5,15-19,Male,231.871532364,395.040388472,76,4,0.0043527234215307,0
5,15-19,Male,231.871532364,395.040388472,76,5,0,0
5,15-19,Male,231.871532364,395.040388472,76,6,0,0
5,15-19,Male,231.871532364,395.040388472,76,7,0,0
5,15-19,Male,231.871532364,395.040388472,76,8,0,0
5,15-19,Male,231.871532364,395.040388472,76,9,0,0
5,15-19,Male,231.871532364,395.040388472,76,10,0,0
5,15-19,Male,231.871532364,395.040388472,76,11,0,0
5,15-19,Male,231.871532364,395.040388472,76,12,0,0
5,15-19,Male,231.871532364,395.040388472,76,13,0,0
5,15-19,Male,231.871532364,395.040388472,76,14,0,0
5,15-19,Male,231.871532364,395.040388472,76,15,0,0
5,15-19,Male,231.871532364,395.040388472,76,16,0,0
5,15-19,Male,231.871532364,395.040388472,76,17,0,0
6,15-19,Female,255.488077327,437.979561132,85,0,0.0594065630988229,5
6,15-19,Female,255.488077327,437.979561132,85,1,0.04753094502309576,4
6,15-19,Female,255.488077327,437.979561132,85,2,0.03565317974501706,3
6,15-19,Female,255.488077327,437.979561132,85,3,0.023771743452699078,2
6,15-19,Female,255.488077327,437.979561132,85,4,0.0118865030184659,1
6,15-19,Female,255.488077327,437.979561132,85,5,0,0
6,15-19,Female,255.488077327,437.979561132,85,6,0,0
6,15-19,Female,255.488077327,437.979561132,85,7,0,0
6,15-19,Female,255.488077327,437.979561132,85,8,0,0
6,15-19,Female,255.488077327,437.979561132,85,9,0,0
6,15-19,Female,255.488077327,437.979561132,85,10,0,0
6,15-19,Female,255.488077327,437.979561132,85,11,0,0
6,15-19,Female,255.488077327,437.979561132,85,12,0,0
6,15-19,Female,255.488077327,437.979561132,85,13,0,0
6,15-19,Female,255.488077327,437.979561132,85,14,0,0
6,15-19,Female,255.488077327,437.979561132,85,15,0,0
6,15-19,Female,255.488077327,437.979561132,85,16,0,0
6,15-19,Female,255.488077327,437.979561132,85,17,0,0
7,20-24,Male,895.281749961,1477.107539504,271,0,0.0809065176256422,22
7,20-24,Male,895.281749961,1477.107539504,271,1,0.06908431363814602,19
7,20-24,Male,895.281749961,1477.107539504,271,2,0.057260398899343035,16
7,20-24,Male,895.281749961,1477.107539504,271,3,0.04543250200041756,12
7,20-24,Male,895.281749961,1477.107539504,271,4,0.033599266078092,9
7,20-24,Male,895.281749961,1477.107539504,271,5,0.0234720530275887,6
7,20-24,Male,895.281749961,1477.107539504,271,6,0.02021768934098728,5
7,20-24,Male,895.281749961,1477.107539504,271,7,0.015828266885044018,4
7,20-24,Male,895.281749961,1477.107539504,271,8,0.01063240703331612,3
7,20-24,Male,895.281749961,1477.107539504,271,9,0.0053162135149507,1
7,20-24,Male,895.281749961,1477.107539504,271,10,0,0
7,20-24,Male,895.281749961,1477.107539504,271,11,0,0
7,20-24,Male,895.281749961,1477.107539504,271,12,0,0
7,20-24,Male,895.281749961,1477.107539504,271,13,0,0
7,20-24,Male,895.281749961,1477.107539504,271,14,0,0
7,20-24,Male,895.281749961,1477.107539504,271,15,0,0
7,20-24,Male,895.281749961,1477.107539504,271,16,0,0
7,20-24,Male,895.281749961,1477.107539504,271,17,0,0
8,20-24,Female,635.499755368,1004.776640244,172,0,0.116829134957569,20
8,20-24,Female,635.499755368,1004.776640244,172,1,0.10535724313015155,18
8,20-24,Female,635.499755368,1004.776640244,172,2,0.09388444259292485,16
8,20-24,Female,635.499755368,1004.776640244,172,3,0.08240720106894701,14
8,20-24,Female,635.499755368,1004.776640244,172,4,0.0709220465198864,12
8,20-24,Female,635.499755368,1004.776640244,172,5,0.060278486205661,10
8,20-24,Female,635.499755368,1004.776640244,172,6,0.05270065280628176,9
8,20-24,Female,635.499755368,1004.776640244,172,7,0.03952574560312668,7
8,20-24,Female,635.499755368,1004.776640244,172,8,0.02635062653801896,5
8,20-24,Female,635.499755368,1004.776640244,172,9,0.013175338048090521,2
8,20-24,Female,635.499755368,1004.776640244,172,10,0,0
8,20-24,Female,635.499755368,1004.776640244,172,11,0,0
8,20-24,Female,635.499755368,1004.776640244,172,12,0,0
8,20-24,Female,635.499755368,1004.776640244,172,13,0,0
8,20-24,Female,635.499755368,1004.776640244,172,14,0,0
8,20-24,Female,635.499755368,1004.776640244,172,15,0,0
8,20-24,Female,635.499755368,1004.776640244,172,16,0,0
8,20-24,Female,635.499755368,1004.776640244,172,17,0,0
9,25-29,Male,2131.929922569,3720.679310989,740,0,0.0961784111077123,71
9,25-29,Male,2131.929922569,3720.679310989,740,1,0.09313519066713408,69
9,25-29,Male,2131.929922569,3720.679310989,740,2,0.0900930072918672,67
9,25-29,Male,2131.929922569,3720.679310989,740,3,0.08704866458795846,64
9,25-29,Male,2131.929922569,3720.679310989,740,4,0.08399757497374889,62
9,25-29,Male,2131.929922569,3720.679310989,740,5,0.0870085287452777,64
9,25-29,Male,2131.929922569,3720.679310989,740,6,0.07731986684006587,57
9,25-29,Male,2131.929922569,3720.679310989,740,7,0.06670040086450618,49
9,25-29,Male,2131.929922569,3720.679310989,740,8,0.05551525941719242,41
9,25-29,Male,2131.929922569,3720.679310989,740,9,0.04104821570031468,30
9,25-29,Male,2131.929922569,3720.679310989,740,10,0.025162264114323,19
9,25-29,Male,2131.929922569,3720.679310989,740,11,0.02157881088294976,16
9,25-29,Male,2131.929922569,3720.679310989,740,12,0.014968448359371,11
9,25-29,Male,2131.929922569,3720.679310989,740,13,0.0099789922999726,7
9,25-29,Male,2131.929922569,3720.679310989,740,14,0.0049894836227957805,4
9,25-29,Male,2131.929922569,3720.679310989,740,15,0,0
9,25-29,Male,2131.929922569,3720.679310989,740,16,0,0
9,25-29,Male,2131.929922569,3720.679310989,740,17,0,0
10,25-29,Female,1268.852552103,2237.130895586,451,0,0.118742269367643,54
10,25-29,Female,1268.852552103,2237.130895586,451,1,0.1183738245086496,53
10,25-29,Female,1268.852552103,2237.130895586,451,2,0.1180076050996586,53
10,25-29,Female,1268.852552103,2237.130895586,451,3,0.1176395121325492,53
10,25-29,Female,1268.852552103,2237.130895586,451,4,0.11726296626420481,53
10,25-29,Female,1268.852552103,2237.130895586,451,5,0.118543861698316,53
10,25-29,Female,1268.852552103,2237.130895586,451,6,0.11415399171946083,51
10,25-29,Female,1268.852552103,2237.130895586,451,7,0.10208510897139791,46
10,25-29,Female,1268.852552103,2237.130895586,451,8,0.09001592914933164,41
10,25-29,Female,1268.852552103,2237.130895586,451,9,0.07794639434229128,35
10,25-29,Female,1268.852552103,2237.130895586,451,10,0.065845896264445,30
10,25-29,Female,1268.852552103,2237.130895586,451,11,0.056130331066571205,25
10,25-29,Female,1268.852552103,2237.130895586,451,12,0.0420979393019727,19
10,25-29,Female,1268.852552103,2237.130895586,451,13,0.02806536803636688,13
10,25-29,Female,1268.852552103,2237.130895586,451,14,0.0140326487861478,6
10,25-29,Female,1268.852552103,2237.130895586,451,15,0,0
10,25-29,Female,1268.852552103,2237.130895586,451,16,0,0
10,25-29,Female,1268.852552103,2237.130895586,451,17,0,0
11,30-34,Male,4433.469577145,6956.14597092,1175,0,0.0849016847954122,100
11,30-34,Male,4433.469577145,6956.14597092,1175,1,0.08716747333888246,102
11,30-34,Male,4433.469577145,6956.14597092,1175,2,0.08943555847585852,105
11,30-34,Male,4433.469577145,6956.14597092,1175,3,0.09170289539233666,108
11,30-34,Male,4433.469577145,6956.14597092,1175,4,0.0939640965103471,110
11,30-34,Male,4433.469577145,6956.14597092,1175,5,0.102146855520702,120
11,30-34,Male,4433.469577145,6956.14597092,1175,6,0.10178582360501276,120
11,30-34,Male,4433.469577145,6956.14597092,1175,7,0.102605872905635,121
11,30-34,Male,4433.469577145,6956.14597092,1175,8,0.10598940371800376,125
11,30-34,Male,4433.469577145,6956.14597092,1175,9,0.10245320562850091,120
11,30-34,Male,4433.469577145,6956.14597092,1175,10,0.0964629936019174,113
11,30-34,Male,4433.469577145,6956.14597092,1175,11,0.08670264046278543,102
11,30-34,Male,4433.469577145,6956.14597092,1175,12,0.0703992993638448,83
11,30-34,Male,4433.469577145,6956.14597092,1175,13,0.0552488188613609,65
11,30-34,Male,4433.469577145,6956.14597092,1175,14,0.04009804913071892,47
11,30-34,Male,4433.469577145,6956.14597092,1175,15,0.0249071101132769,29
11,30-34,Male,4433.469577145,6956.14597092,1175,16,0.01992542370052472,23
11,30-34,Male,4433.469577145,6956.14597092,1175,17,0.01494400134326346,18
12,30-34,Female,2170.575177963,3613.331379339,672,0,0.0767979783739392,52
12,30-34,Female,2170.575177963,3613.331379339,672,1,0.08519704378226611,57
12,30-34,Female,2170.575177963,3613.331379339,672,2,0.09359995740707484,63
12,30-34,Female,2170.575177963,3613.331379339,672,3,0.1020036788882948,69
12,30-34,Female,2170.575177963,3613.331379339,672,4,0.1104016194957385,74
12,30-34,Female,2170.575177963,3613.331379339,672,5,0.120485075600143,81
12,30-34,Female,2170.575177963,3613.331379339,672,6,0.1271230495940038,85
12,30-34,Female,2170.575177963,3613.331379339,672,7,0.1268989930005328,85
12,30-34,Female,2170.575177963,3613.331379339,672,8,0.1266747354518896,85
12,30-34,Female,2170.575177963,3613.331379339,672,9,0.1264500922206504,85
12,30-34,Female,2170.575177963,3613.331379339,672,10,0.12616620693362,85
12,30-34,Female,2170.575177963,3613.331379339,672,11,0.1199779338761636,81
12,30-34,Female,2170.575177963,3613.331379339,672,12,0.10752466671427319,72
12,30-34,Female,2170.575177963,3613.331379339,672,13,0.09507110983153591,64
12,30-34,Female,2170.575177963,3613.331379339,672,14,0.08261705753302401,56
12,30-34,Female,2170.575177963,3613.331379339,672,15,0.0700498798915149,47
12,30-34,Female,2170.575177963,3613.331379339,672,16,0.060698793193971846,41
12,30-34,Female,2170.575177963,3613.331379339,672,17,0.0455238925233645,31
13,35-39,Male,7565.882222692,12147.491945514,2134,0,0.0550195036091843,117
13,35-39,Male,7565.882222692,12147.491945514,2134,1,0.061003248467890236,130
13,35-39,Male,7565.882222692,12147.491945514,2134,2,0.06698974091718032,143
13,35-39,Male,7565.882222692,12147.491945514,2134,3,0.07297680429632486,156
13,35-39,Male,7565.882222692,12147.491945514,2134,4,0.07895972736709359,169
13,35-39,Male,7565.882222692,12147.491945514,2134,5,0.089464182091706,191
13,35-39,Male,7565.882222692,12147.491945514,2134,6,0.09375390118183193,200
13,35-39,Male,7565.882222692,12147.491945514,2134,7,0.09935543475803842,212
13,35-39,Male,7565.882222692,12147.491945514,2134,8,0.10938639700160768,233
13,35-39,Male,7565.882222692,12147.491945514,2134,9,0.11299269902955404,241
13,35-39,Male,7565.882222692,12147.491945514,2134,10,0.115040237619883,245
13,35-39,Male,7565.882222692,12147.491945514,2134,11,0.116055381839652,248
13,35-39,Male,7565.882222692,12147.491945514,2134,12,0.1134963170241698,242
13,35-39,Male,7565.882222692,12147.491945514,2134,13,0.10923135601340139,233
13,35-39,Male,7565.882222692,12147.491945514,2134,14,0.1049658274812728,224
13,35-39,Male,7565.882222692,12147.491945514,2134,15,0.100537869435847,215
13,35-39,Male,7565.882222692,12147.491945514,2134,16,0.08541058425979198,182
13,35-39,Male,7565.882222692,12147.491945514,2134,17,0.07028432065902564,150
14,35-39,Female,3261.230163527,5541.300231773,1062,0,0.0397024596222283,42
14,35-39,Female,3261.230163527,5541.300231773,1062,1,0.047127209546236795,50
14,35-39,Female,3261.230163527,5541.300231773,1062,2,0.0545548086191417,58
14,35-39,Female,3261.230163527,5541.300231773,1062,3,0.06198354612506684,66
14,35-39,Female,3261.230163527,5541.300231773,1062,4,0.06940918306107959,74
14,35-39,Female,3261.230163527,5541.300231773,1062,5,0.077925159082766,83
14,35-39,Female,3261.230163527,5541.300231773,1062,6,0.0917771842955296,97
14,35-39,Female,3261.230163527,5541.300231773,1062,7,0.10067052225972642,107
14,35-39,Female,3261.230163527,5541.300231773,1062,8,0.10956380412498865,116
14,35-39,Female,3261.230163527,5541.300231773,1062,9,0.11845681414427188,126
14,35-39,Female,3261.230163527,5541.300231773,1062,10,0.127290088685837,135
14,35-39,Female,3261.230163527,5541.300231773,1062,11,0.1321857518790266,140
14,35-39,Female,3261.230163527,5541.300231773,1062,12,0.1322478361510314,140
14,35-39,Female,3261.230163527,5541.300231773,1062,13,0.1323096750512524,141
14,35-39,Female,3261.230163527,5541.300231773,1062,14,0.13237082740092862,141
14,35-39,Female,3261.230163527,5541.300231773,1062,15,0.13221833862843901,140
14,35-39,Female,3261.230163527,5541.300231773,1062,16,0.12749138170150737,135
14,35-39,Female,3261.230163527,5541.300231773,1062,17,0.11458639976635521,122
15,40-44,Male,12579.030630747,17937.839378715,2496,0,0.0271714532319044,68
15,40-44,Male,12579.030630747,17937.839378715,2496,1,0.03274498638877406,82
15,40-44,Male,12579.030630747,17937.839378715,2496,2,0.03832060670911672,96
15,40-44,Male,12579.030630747,17937.839378715,2496,3,0.04389712123501188,110
15,40-44,Male,12579.030630747,17937.839378715,2496,4,0.0494714959165114,123
15,40-44,Male,12579.030630747,17937.839378715,2496,5,0.0576180096961657,144
15,40-44,Male,12579.030630747,17937.839378715,2496,6,0.06504377090733991,162
15,40-44,Male,12579.030630747,17937.839378715,2496,7,0.0731853171159394,183
15,40-44,Male,12579.030630747,17937.839378715,2496,8,0.0845663925460337,211
15,40-44,Male,12579.030630747,17937.839378715,2496,9,0.09156743270523969,229
15,40-44,Male,12579.030630747,17937.839378715,2496,10,0.0990666324199005,247
15,40-44,Male,12579.030630747,17937.839378715,2496,11,0.1065869160608134,266
15,40-44,Male,12579.030630747,17937.839378715,2496,12,0.1129116143316404,282
15,40-44,Male,12579.030630747,17937.839378715,2496,13,0.1159503281617736,289
15,40-44,Male,12579.030630747,17937.839378715,2496,14,0.1189884408297396,297
15,40-44,Male,12579.030630747,17937.839378715,2496,15,0.121829683606202,304
15,40-44,Male,12579.030630747,17937.839378715,2496,16,0.117569760741042,293
15,40-44,Male,12579.030630747,17937.839378715,2496,17,0.1133109506973588,283
16,40-44,Female,5470.450596884,8306.582951077,1321,0,0.00816723378045442,11
16,40-44,Female,5470.450596884,8306.582951077,1321,1,0.014476013277782819,19
16,40-44,Female,5470.450596884,8306.582951077,1321,2,0.020786712372059642,27
16,40-44,Female,5470.450596884,8306.582951077,1321,3,0.02709876365579905,36
16,40-44,Female,5470.450596884,8306.582951077,1321,4,0.03341000337357954,44
16,40-44,Female,5470.450596884,8306.582951077,1321,5,0.0402851812970262,53
16,40-44,Female,5470.450596884,8306.582951077,1321,6,0.05173782937449808,68
16,40-44,Female,5470.450596884,8306.582951077,1321,7,0.05952488214602952,79
16,40-44,Female,5470.450596884,8306.582951077,1321,8,0.06731193054793307,89
16,40-44,Female,5470.450596884,8306.582951077,1321,9,0.07509882772277225,99
16,40-44,Female,5470.450596884,8306.582951077,1321,10,0.0828468535339962,109
16,40-44,Female,5470.450596884,8306.582951077,1321,11,0.09543334064065856,126
16,40-44,Female,5470.450596884,8306.582951077,1321,12,0.10460654699634044,138
16,40-44,Female,5470.450596884,8306.582951077,1321,13,0.11377962510027612,150
16,40-44,Female,5470.450596884,8306.582951077,1321,14,0.12295211433416627,162
16,40-44,Female,5470.450596884,8306.582951077,1321,15,0.131911412630763,174
16,40-44,Female,5470.450596884,8306.582951077,1321,16,0.1416235419543024,187
16,40-44,Female,5470.450596884,8306.582951077,1321,17,0.1413159918224298,187
17,45-49,Male,20643.007256295,28193.860768556,3517,0,0.0114660598382308,40
17,45-49,Male,20643.007256295,28193.860768556,3517,1,0.01460888876536412,51
17,45-49,Male,20643.007256295,28193.860768556,3517,2,0.0177528190159526,62
17,45-49,Male,20643.007256295,28193.860768556,3517,3,0.02089731153141024,73
17,45-49,Male,20643.007256295,28193.860768556,3517,4,0.0240408723179255,85
17,45-49,Male,20643.007256295,28193.860768556,3517,5,0.0285796977271978,101
17,45-49,Male,20643.007256295,28193.860768556,3517,6,0.03495008486612866,123
17,45-49,Male,20643.007256295,28193.860768556,3517,7,0.041585246988138064,146
17,45-49,Male,20643.007256295,28193.860768556,3517,8,0.05076596727235602,179
17,45-49,Male,20643.007256295,28193.860768556,3517,9,0.057164985500169165,201
17,45-49,Male,20643.007256295,28193.860768556,3517,10,0.0635232574471403,223
17,45-49,Male,20643.007256295,28193.860768556,3517,11,0.07357603977299397,259
17,45-49,Male,20643.007256295,28193.860768556,3517,12,0.08323975692717266,293
17,45-49,Male,20643.007256295,28193.860768556,3517,13,0.09110501788711108,320
17,45-49,Male,20643.007256295,28193.860768556,3517,14,0.0989698074173535,348
17,45-49,Male,20643.007256295,28193.860768556,3517,15,0.106662210700095,375
17,45-49,Male,20643.007256295,28193.860768556,3517,16,0.109694249750245,386
17,45-49,Male,20643.007256295,28193.860768556,3517,17,0.1127272029626046,396
18,45-49,Female,9841.658373672,14245.070529955,2051,0,0.00155885026006022,3
18,45-49,Female,9841.658373672,14245.070529955,2051,1,0.002880872113033242,6
18,45-49,Female,9841.658373672,14245.070529955,2051,2,0.004203293230382478,9
18,45-49,Female,9841.658373672,14245.070529955,2051,3,0.005526000000000002,11
18,45-49,Female,9841.658373672,14245.070529955,2051,4,0.006848547585227272,14
18,45-49,Female,9841.658373672,14245.070529955,2051,5,0.00828710605517735,17
18,45-49,Female,9841.658373672,14245.070529955,2051,6,0.016166087017042915,33
18,45-49,Female,9841.658373672,14245.070529955,2051,7,0.023112505489429752,47
18,45-49,Female,9841.658373672,14245.070529955,2051,8,0.03005896694697709,62
18,45-49,Female,9841.658373672,14245.070529955,2051,9,0.03700538444130124,76
18,45-49,Female,9841.658373672,14245.070529955,2051,10,0.043931200214996,90
18,45-49,Female,9841.658373672,14245.070529955,2051,11,0.0544293333035075,112
18,45-49,Female,9841.658373672,14245.070529955,2051,12,0.06238743525841292,128
18,45-49,Female,9841.658373672,14245.070529955,2051,13,0.0703454786701132,144
18,45-49,Female,9841.658373672,14245.070529955,2051,14,0.0783031583898608,161
18,45-49,Female,9841.658373672,14245.070529955,2051,15,0.0861216412243316,177
18,45-49,Female,9841.658373672,14245.070529955,2051,16,0.10438235303840544,214
18,45-49,Female,9841.658373672,14245.070529955,2051,17,0.11376887499999992,233
19,5-9,Male,0,124.523600714,58,0,0,0
19,5-9,Male,0,124.523600714,58,1,0,0
19,5-9,Male,0,124.523600714,58,2,0,0
19,5-9,Male,0,124.523600714,58,3,0,0
19,5-9,Male,0,124.523600714,58,4,0,0
19,5-9,Male,0,124.523600714,58,5,0,0
19,5-9,Male,0,124.523600714,58,6,0,0
19,5-9,Male,0,124.523600714,58,7,0,0
19,5-9,Male,0,124.523600714,58,8,0,0
19,5-9,Male,0,124.523600714,58,9,0,0
19,5-9,Male,0,124.523600714,58,10,0,0
19,5-9,Male,0,124.523600714,58,11,0,0
19,5-9,Male,0,124.523600714,58,12,0,0
19,5-9,Male,0,124.523600714,58,13,0,0
19,5-9,Male,0,124.523600714,58,14,0,0
19,5-9,Male,0,124.523600714,58,15,0,0
19,5-9,Male,0,124.523600714,58,16,0,0
19,5-9,Male,0,124.523600714,58,17,0,0
20,5-9,Female,0,85.87834532,40,0,0,0
20,5-9,Female,0,85.87834532,40,1,0,0
20,5-9,Female,0,85.87834532,40,2,0,0
20,5-9,Female,0,85.87834532,40,3,0,0
20,5-9,Female,0,85.87834532,40,4,0,0
20,5-9,Female,0,85.87834532,40,5,0,0
20,5-9,Female,0,85.87834532,40,6,0,0
20,5-9,Female,0,85.87834532,40,7,0,0
20,5-9,Female,0,85.87834532,40,8,0,0
20,5-9,Female,0,85.87834532,40,9,0,0
20,5-9,Female,0,85.87834532,40,10,0,0
20,5-9,Female,0,85.87834532,40,11,0,0
20,5-9,Female,0,85.87834532,40,12,0,0
20,5-9,Female,0,85.87834532,40,13,0,0
20,5-9,Female,0,85.87834532,40,14,0,0
20,5-9,Female,0,85.87834532,40,15,0,0
20,5-9,Female,0,85.87834532,40,16,0,0
20,5-9,Female,0,85.87834532,40,17,0,0
21,50-54,Male,27326.489480824,35306.734719685,3717,0,0.00518477157360406,19
21,50-54,Male,27326.489480824,35306.734719685,3717,1,0.006441304002493868,24
21,50-54,Male,27326.489480824,35306.734719685,3717,2,0.007698476063603156,29
21,50-54,Male,27326.489480824,35306.734719685,3717,3,0.008956184391657544,33
21,50-54,Male,27326.489480824,35306.734719685,3717,4,0.010213809380402332,38
21,50-54,Male,27326.489480824,35306.734719685,3717,5,0.0120402969098594,45
21,50-54,Male,27326.489480824,35306.734719685,3717,6,0.01556844189411882,58
21,50-54,Male,27326.489480824,35306.734719685,3717,7,0.01930987199854938,72
21,50-54,Male,27326.489480824,35306.734719685,3717,8,0.024733913713463323,92
21,50-54,Male,27326.489480824,35306.734719685,3717,9,0.028151627363163796,105
21,50-54,Male,27326.489480824,35306.734719685,3717,10,0.0312180978835826,116
21,50-54,Male,27326.489480824,35306.734719685,3717,11,0.03940876723952134,146
21,50-54,Male,27326.489480824,35306.734719685,3717,12,0.04735064555027228,176
21,50-54,Male,27326.489480824,35306.734719685,3717,13,0.054070482861022395,201
21,50-54,Male,27326.489480824,35306.734719685,3717,14,0.06079004072396346,226
21,50-54,Male,27326.489480824,35306.734719685,3717,15,0.0674006576271969,251
21,50-54,Male,27326.489480824,35306.734719685,3717,16,0.07525196972471312,280
21,50-54,Male,27326.489480824,35306.734719685,3717,17,0.08310380671847162,309
22,50-54,Female,14159.192184635,18779.447162851,2152,0,0,0
22,50-54,Female,14159.192184635,18779.447162851,2152,1,3.1180740874920803e-4,1
22,50-54,Female,14159.192184635,18779.447162851,2152,2,6.23701777697972e-4,1
22,50-54,Female,14159.192184635,18779.447162851,2152,3,9.356690539818299e-4,2
22,50-54,Female,14159.192184635,18779.447162851,2152,4,0.001247625,3
22,50-54,Female,14159.192184635,18779.447162851,2152,5,0.00158172984593336,3
22,50-54,Female,14159.192184635,18779.447162851,2152,6,0.003318655251182294,7
22,50-54,Female,14159.192184635,18779.447162851,2152,7,0.004793977047432934,10
22,50-54,Female,14159.192184635,18779.447162851,2152,8,0.006269308152606886,13
22,50-54,Female,14159.192184635,18779.447162851,2152,9,0.0077446302687411645,17
22,50-54,Female,14159.192184635,18779.447162851,2152,10,0.0092156307444235391,20
22,50-54,Female,14159.192184635,18779.447162851,2152,11,0.01707086301002147,37
22,50-54,Female,14159.192184635,18779.447162851,2152,12,0.024421136659823265,53
22,50-54,Female,14159.192184635,18779.447162851,2152,13,0.03177141795168909,68
22,50-54,Female,14159.192184635,18779.447162851,2152,14,0.039121535612281336,84
22,50-54,Female,14159.192184635,18779.447162851,2152,15,0.046396647810926,100
22,50-54,Female,14159.192184635,18779.447162851,2152,16,0.06137422072921732,132
22,50-54,Female,14159.192184635,18779.447162851,2152,17,0.06977918668224298,150
23,55-59,Male,34486.596521879,43729.253436944004,4305,0,0.00261270236612702,11
23,55-59,Male,34486.596521879,43729.253436944004,4305,1,0.003127116207622428,13
23,55-59,Male,34486.596521879,43729.253436944004,4305,2,0.003641530049117836,16
23,55-59,Male,34486.596521879,43729.253436944004,4305,3,0.004155943890613244,18
23,55-59,Male,34486.596521879,43729.253436944004,4305,4,0.004670357732108652,20
23,55-59,Male,34486.596521879,43729.253436944004,4305,5,0.00545423023578363,23
23,55-59,Male,34486.596521879,43729.253436944004,4305,6,0.006909116791412672,30
23,55-59,Male,34486.596521879,43729.253436944004,4305,7,0.008565423412356006,37
23,55-59,Male,34486.596521879,43729.253436944004,4305,8,0.011277425916230524,49
23,55-59,Male,34486.596521879,43729.253436944004,4305,9,0.012879200545826022,55
23,55-59,Male,34486.596521879,43729.253436944004,4305,10,0.0139257988133044,60
23,55-59,Male,34486.596521879,43729.253436944004,4305,11,0.01854936774784034,80
23,55-59,Male,34486.596521879,43729.253436944004,4305,12,0.022997110818369738,99
23,55-59,Male,34486.596521879,43729.253436944004,4305,13,0.02663523207232748,115
23,55-59,Male,34486.596521879,43729.253436944004,4305,14,0.03027321572467992,130
23,55-59,Male,34486.596521879,43729.253436944004,4305,15,0.033856475196011,146
23,55-59,Male,34486.596521879,43729.253436944004,4305,16,0.040564773428982556,175
23,55-59,Male,34486.596521879,43729.253436944004,4305,17,0.0472733107479816,204
24,55-59,Female,20224.35032286,26733.928898116,3032,0,0,0
24,55-59,Female,20224.35032286,26733.928898116,3032,1,0,0
24,55-59,Female,20224.35032286,26733.928898116,3032,2,0,0
24,55-59,Female,20224.35032286,26733.928898116,3032,3,0,0
24,55-59,Female,20224.35032286,26733.928898116,3032,4,0,0
24,55-59,Female,20224.35032286,26733.928898116,3032,5,0,0
24,55-59,Female,20224.35032286,26733.928898116,3032,6,3.6867290086553e-4,1
24,55-59,Female,20224.35032286,26733.928898116,3032,7,7.373505773672041e-4,2
24,55-59,Female,20224.35032286,26733.928898116,3032,8,0.001106031300345222,3
24,55-59,Female,20224.35032286,26733.928898116,3032,9,0.001474711173974544,4
24,55-59,Female,20224.35032286,26733.928898116,3032,10,0.00184252727761354,6
24,55-59,Female,20224.35032286,26733.928898116,3032,11,0.003485238815318538,11
24,55-59,Female,20224.35032286,26733.928898116,3032,12,0.005044127037400698,15
24,55-59,Female,20224.35032286,26733.928898116,3032,13,0.0066030171316516645,20
24,55-59,Female,20224.35032286,26733.928898116,3032,14,0.008161873223848629,25
24,55-59,Female,20224.35032286,26733.928898116,3032,15,0.00970503990701279,29
24,55-59,Female,20224.35032286,26733.928898116,3032,16,0.0198365234613515,60
24,55-59,Female,20224.35032286,26733.928898116,3032,17,0.02811950373831774,85
25,60-64,Male,39862.580938911,49180.381406131,4340,0,0.00130523560209424,6
25,60-64,Male,39862.580938911,49180.381406131,4340,1,0.001566728954900796,7
25,60-64,Male,39862.580938911,49180.381406131,4340,2,0.001828222307707352,8
25,60-64,Male,39862.580938911,49180.381406131,4340,3,0.002089715660513908,9
25,60-64,Male,39862.580938911,49180.381406131,4340,4,0.002351209013320464,10
25,60-64,Male,39862.580938911,49180.381406131,4340,5,0.00281670235546039,12
25,60-64,Male,39862.580938911,49180.381406131,4340,6,0.0033465403915336877,15
25,60-64,Male,39862.580938911,49180.381406131,4340,7,0.004119259786553636,18
25,60-64,Male,39862.580938911,49180.381406131,4340,8,0.0051851009208856704,23
25,60-64,Male,39862.580938911,49180.381406131,4340,9,0.00582863415566589,25
25,60-64,Male,39862.580938911,49180.381406131,4340,10,0.00646857142857143,28
25,60-64,Male,39862.580938911,49180.381406131,4340,11,0.008734776539272187,38
25,60-64,Male,39862.580938911,49180.381406131,4340,12,0.01080985164829144,47
25,60-64,Male,39862.580938911,49180.381406131,4340,13,0.01244693002473972,54
25,60-64,Male,39862.580938911,49180.381406131,4340,14,0.01408395998186956,61
25,60-64,Male,39862.580938911,49180.381406131,4340,15,0.0156956128917713,68
25,60-64,Male,39862.580938911,49180.381406131,4340,16,0.019327528895978,84
25,60-64,Male,39862.580938911,49180.381406131,4340,17,0.0229595510977423,100
26,60-64,Female,24840.31138381,31723.460761208,3206,0,0,0
26,60-64,Female,24840.31138381,31723.460761208,3206,1,0,0
26,60-64,Female,24840.31138381,31723.460761208,3206,2,0,0
26,60-64,Female,24840.31138381,31723.460761208,3206,3,0,0
26,60-64,Female,24840.31138381,31723.460761208,3206,4,0,0
26,60-64,Female,24840.31138381,31723.460761208,3206,5,0,0
26,60-64,Female,24840.31138381,31723.460761208,3206,6,0,0
26,60-64,Female,24840.31138381,31723.460761208,3206,7,0,0
26,60-64,Female,24840.31138381,31723.460761208,3206,8,0,0
26,60-64,Female,24840.31138381,31723.460761208,3206,9,0,0
26,60-64,Female,24840.31138381,31723.460761208,3206,10,0,0
26,60-64,Female,24840.31138381,31723.460761208,3206,11,3.85274695776664e-4,1
26,60-64,Female,24840.31138381,31723.460761208,3206,12,7.70552887619388e-4,2
26,60-64,Female,24840.31138381,31723.460761208,3206,13,0.001155832427132544,4
26,60-64,Female,24840.31138381,31723.460761208,3206,14,0.00154110603355944,5
26,60-64,Female,24840.31138381,31723.460761208,3206,15,0.00192327005036807,6
26,60-64,Female,24840.31138381,31723.460761208,3206,16,0.0042749839572192565,14
26,60-64,Female,24840.31138381,31723.460761208,3206,17,0.006094565420560746,20
27,65-69,Male,40899.56195865,50019.842231634,4248,0,3.7565445026178e-4,2
27,65-69,Male,40899.56195865,50019.842231634,4248,1,5.61570680628272e-4,2
27,65-69,Male,40899.56195865,50019.842231634,4248,2,7.47486910994764e-4,3
27,65-69,Male,40899.56195865,50019.842231634,4248,3,9.33403141361256e-4,4
27,65-69,Male,40899.56195865,50019.842231634,4248,4,0.001119319371727748,5
27,65-69,Male,40899.56195865,50019.842231634,4248,5,0.00138494856524093,6
27,65-69,Male,40899.56195865,50019.842231634,4248,6,0.001725406016530944,7
27,65-69,Male,40899.56195865,50019.842231634,4248,7,0.002076757525284764,9
27,65-69,Male,40899.56195865,50019.842231634,4248,8,0.0026789270216209223,11
27,65-69,Male,40899.56195865,50019.842231634,4248,9,0.002966714119082966,13
27,65-69,Male,40899.56195865,50019.842231634,4248,10,0.00325327951564077,14
27,65-69,Male,40899.56195865,50019.842231634,4248,11,0.00430466470448776,18
27,65-69,Male,40899.56195865,50019.842231634,4248,12,0.006686975160287322,28
27,65-69,Male,40899.56195865,50019.842231634,4248,13,0.006969898581138948,30
27,65-69,Male,40899.56195865,50019.842231634,4248,14,0.007252822001990574,31
27,65-69,Male,40899.56195865,50019.842231634,4248,15,0.0075357454228422004,32
27,65-69,Male,40899.56195865,50019.842231634,4248,16,0.00916767726421838,39
27,65-69,Male,40899.56195865,50019.842231634,4248,17,0.010799581196749999,46
28,65-69,Female,26012.550797428,32650.946890664,3092,0,0,0
28,65-69,Female,26012.550797428,32650.946890664,3092,1,0,0
28,65-69,Female,26012.550797428,32650.946890664,3092,2,0,0
28,65-69,Female,26012.550797428,32650.946890664,3092,3,0,0
28,65-69,Female,26012.550797428,32650.946890664,3092,4,0,0
28,65-69,Female,26012.550797428,32650.946890664,3092,5,0,0
28,65-69,Female,26012.550797428,32650.946890664,3092,6,0,0
28,65-69,Female,26012.550797428,32650.946890664,3092,7,0,0
28,65-69,Female,26012.550797428,32650.946890664,3092,8,0,0
28,65-69,Female,26012.550797428,32650.946890664,3092,9,0,0
28,65-69,Female,26012.550797428,32650.946890664,3092,10,0,0
28,65-69,Female,26012.550797428,32650.946890664,3092,11,0,0
28,65-69,Female,26012.550797428,32650.946890664,3092,12,0,0
28,65-69,Female,26012.550797428,32650.946890664,3092,13,0,0
28,65-69,Female,26012.550797428,32650.946890664,3092,14,0,0
28,65-69,Female,26012.550797428,32650.946890664,3092,15,0,0
28,65-69,Female,26012.550797428,32650.946890664,3092,16,4.91075080213904e-4,2
28,65-69,Female,26012.550797428,32650.946890664,3092,17,9.82145794392524e-4,3
29,70-74,Male,36721.580458832,44989.518154515,3851,0,3.7565445026178e-4,1
29,70-74,Male,36721.580458832,44989.518154515,3851,1,3.7565445026178e-4,1
29,70-74,Male,36721.580458832,44989.518154515,3851,2,3.7565445026178e-4,1
29,70-74,Male,36721.580458832,44989.518154515,3851,3,3.7565445026178e-4,1
29,70-74,Male,36721.580458832,44989.518154515,3851,4,3.7565445026178e-4,1
29,70-74,Male,36721.580458832,44989.518154515,3851,5,4.20796100731113e-4,2
29,70-74,Male,36721.580458832,44989.518154515,3851,6,6.48207596315296e-4,2
29,70-74,Male,36721.580458832,44989.518154515,3851,7,8.9929256597394e-4,3
29,70-74,Male,36721.580458832,44989.518154515,3851,8,0.001307420957614426,5
29,70-74,Male,36721.580458832,44989.518154515,3851,9,0.001561493343424608,6
29,70-74,Male,36721.580458832,44989.518154515,3851,10,0.00180068259385666,7
29,70-74,Male,36721.580458832,44989.518154515,3851,11,0.00227746731008717,9
29,70-74,Male,36721.580458832,44989.518154515,3851,12,0.002942439597228349,11
29,70-74,Male,36721.580458832,44989.518154515,3851,13,0.004002002504346923,15
29,70-74,Male,36721.580458832,44989.518154515,3851,14,0.005061565411465496,19
29,70-74,Male,36721.580458832,44989.518154515,3851,15,0.00612112831858407,24
29,70-74,Male,36721.580458832,44989.518154515,3851,16,0.006404051739435696,25
29,70-74,Male,36721.580458832,44989.518154515,3851,17,0.006686975160287322,26
30,70-74,Female,23876.326957593,29353.218430376,2551,0,0,0
30,70-74,Female,23876.326957593,29353.218430376,2551,1,0,0
30,70-74,Female,23876.326957593,29353.218430376,2551,2,0,0
30,70-74,Female,23876.326957593,29353.218430376,2551,3,0,0
30,70-74,Female,23876.326957593,29353.218430376,2551,4,0,0
30,70-74,Female,23876.326957593,29353.218430376,2551,5,0,0
30,70-74,Female,23876.326957593,29353.218430376,2551,6,0,0
30,70-74,Female,23876.326957593,29353.218430376,2551,7,0,0
30,70-74,Female,23876.326957593,29353.218430376,2551,8,0,0
30,70-74,Female,23876.326957593,29353.218430376,2551,9,0,0
30,70-74,Female,23876.326957593,29353.218430376,2551,10,0,0
30,70-74,Female,23876.326957593,29353.218430376,2551,11,0,0
30,70-74,Female,23876.326957593,29353.218430376,2551,12,0,0
30,70-74,Female,23876.326957593,29353.218430376,2551,13,0,0
30,70-74,Female,23876.326957593,29353.218430376,2551,14,0,0
30,70-74,Female,23876.326957593,29353.218430376,2551,15,0,0
30,70-74,Female,23876.326957593,29353.218430376,2551,16,0,0
30,70-74,Female,23876.326957593,29353.218430376,2551,17,0,0
31,75-79,Male,28580.313322496,35514.989707086,3230,0,3.7565445026178e-4,1
31,75-79,Male,28580.313322496,35514.989707086,3230,1,3.7565445026178e-4,1
31,75-79,Male,28580.313322496,35514.989707086,3230,2,3.7565445026178e-4,1
31,75-79,Male,28580.313322496,35514.989707086,3230,3,3.7565445026178e-4,1
31,75-79,Male,28580.313322496,35514.989707086,3230,4,3.7565445026178e-4,1
31,75-79,Male,28580.313322496,35514.989707086,3230,5,4.20796100731113e-4,1
31,75-79,Male,28580.313322496,35514.989707086,3230,6,4.45222751471e-4,1
31,75-79,Male,28580.313322496,35514.989707086,3230,7,4.9783299624386e-4,2
31,75-79,Male,28580.313322496,35514.989707086,3230,8,5.4520380018388e-4,2
31,75-79,Male,28580.313322496,35514.989707086,3230,9,5.4520380018388e-4,2
31,75-79,Male,28580.313322496,35514.989707086,3230,10,5.6248022777602e-4,2
31,75-79,Male,28580.313322496,35514.989707086,3230,11,9.14873882966068e-4,3
31,75-79,Male,28580.313322496,35514.989707086,3230,12,4.82322465448428e-4,2
31,75-79,Male,28580.313322496,35514.989707086,3230,13,5.95986237962686e-4,2
31,75-79,Male,28580.313322496,35514.989707086,3230,14,7.09650010476944e-4,2
31,75-79,Male,28580.313322496,35514.989707086,3230,15,8.23313782991202e-4,3
31,75-79,Male,28580.313322496,35514.989707086,3230,16,0.0018828766901097757,6
31,75-79,Male,28580.313322496,35514.989707086,3230,17,0.002942439597228349,10
32,75-79,Female,19170.193634057,23906.384378455,2206,0,0,0
32,75-79,Female,19170.193634057,23906.384378455,2206,1,0,0
32,75-79,Female,19170.193634057,23906.384378455,2206,2,0,0
32,75-79,Female,19170.193634057,23906.384378455,2206,3,0,0
32,75-79,Female,19170.193634057,23906.384378455,2206,4,0,0
32,75-79,Female,19170.193634057,23906.384378455,2206,5,0,0
32,75-79,Female,19170.193634057,23906.384378455,2206,6,0,0
32,75-79,Female,19170.193634057,23906.384378455,2206,7,0,0
32,75-79,Female,19170.193634057,23906.384378455,2206,8,0,0
32,75-79,Female,19170.193634057,23906.384378455,2206,9,0,0
32,75-79,Female,19170.193634057,23906.384378455,2206,10,0,0
32,75-79,Female,19170.193634057,23906.384378455,2206,11,0,0
32,75-79,Female,19170.193634057,23906.384378455,2206,12,0,0
32,75-79,Female,19170.193634057,23906.384378455,2206,13,0,0
32,75-79,Female,19170.193634057,23906.384378455,2206,14,0,0
32,75-79,Female,19170.193634057,23906.384378455,2206,15,0,0
32,75-79,Female,19170.193634057,23906.384378455,2206,16,0,0
32,75-79,Female,19170.193634057,23906.384378455,2206,17,0,0
33,80+,Male,34029.29433305,44171.526915342,4724,0,3.7565445026178e-4,2
33,80+,Male,34029.29433305,44171.526915342,4724,1,3.7565445026178e-4,2
33,80+,Male,34029.29433305,44171.526915342,4724,2,3.7565445026178e-4,2
33,80+,Male,34029.29433305,44171.526915342,4724,3,3.7565445026178e-4,2
33,80+,Male,34029.29433305,44171.526915342,4724,4,3.7565445026178e-4,2
33,80+,Male,34029.29433305,44171.526915342,4724,5,4.20796100731113e-4,2
33,80+,Male,34029.29433305,44171.526915342,4724,6,4.45222751471e-4,2
33,80+,Male,34029.29433305,44171.526915342,4724,7,4.9783299624386e-4,2
33,80+,Male,34029.29433305,44171.526915342,4724,8,5.4520380018388e-4,3
33,80+,Male,34029.29433305,44171.526915342,4724,9,5.4520380018388e-4,3
33,80+,Male,34029.29433305,44171.526915342,4724,10,5.6248022777602e-4,3
33,80+,Male,34029.29433305,44171.526915342,4724,11,6.56198887798495e-4,3
33,80+,Male,34029.29433305,44171.526915342,4724,12,2.54994920419912e-4,1
33,80+,Male,34029.29433305,44171.526915342,4724,13,2.54994920419912e-4,1
33,80+,Male,34029.29433305,44171.526915342,4724,14,2.54994920419912e-4,1
33,80+,Male,34029.29433305,44171.526915342,4724,15,2.54994920419912e-4,1
33,80+,Male,34029.29433305,44171.526915342,4724,16,2.820577233994972e-4,1
33,80+,Male,34029.29433305,44171.526915342,4724,17,3.0912052637908243e-4,1
34,80+,Female,23429.759561929,30806.709424917,3436,0,0,0
34,80+,Female,23429.759561929,30806.709424917,3436,1,0,0
34,80+,Female,23429.759561929,30806.709424917,3436,2,0,0
34,80+,Female,23429.759561929,30806.709424917,3436,3,0,0
34,80+,Female,23429.759561929,30806.709424917,3436,4,0,0
34,80+,Female,23429.759561929,30806.709424917,3436,5,0,0
34,80+,Female,23429.759561929,30806.709424917,3436,6,0,0
34,80+,Female,23429.759561929,30806.709424917,3436,7,0,0
34,80+,Female,23429.759561929,30806.709424917,3436,8,0,0
34,80+,Female,23429.759561929,30806.709424917,3436,9,0,0
34,80+,Female,23429.759561929,30806.709424917,3436,10,0,0
34,80+,Female,23429.759561929,30806.709424917,3436,11,0,0
34,80+,Female,23429.759561929,30806.709424917,3436,12,0,0
34,80+,Female,23429.759561929,30806.709424917,3436,13,0,0
34,80+,Female,23429.759561929,30806.709424917,3436,14,0,0
34,80+,Female,23429.759561929,30806.709424917,3436,15,0,0
34,80+,Female,23429.759561929,30806.709424917,3436,16,0,0
34,80+,Female,23429.759561929,30806.709424917,3436,17,0,0
